POP_NUM;FITNESS
1;3808
2;2257
3;1067
4;518
5;3460
6;887
7;973
8;876
9;1032
10;596
11;4032
12;2458
13;713
14;2286
15;3410
16;668
17;960
18;3727
19;932
20;757
21;640
22;1092
23;690
24;927
25;3097
26;3362
27;3680
28;3277
29;862
30;667
31;3786
32;3753
33;649
34;518
35;3060
36;1170
37;916
38;674
39;885
40;3465
41;744
42;1018
43;1814
44;960
45;1866
46;2225
47;950
48;897
49;962
50;2216
51;951
52;485
53;566
54;844
55;1871
56;702
57;3325
58;745
59;827
60;505
61;3696
62;481
63;1512
64;493
65;3661
66;822
67;626
68;1946
69;843
70;977
71;2408
72;896
73;760
74;565
75;756
76;759
77;719
78;548
79;2316
80;3857
81;3913
82;2119
83;2040
84;3357
85;704
86;2250
87;3572
88;742
89;681
90;649
91;678
92;488
93;670
94;1036
95;838
96;689
97;842
98;1811
99;2842
100;760
101;496
102;817
103;1978
104;3342
105;3329
106;851
107;2193
108;2699
109;1907
110;908
111;1500
112;495
113;648
114;510
115;2944
116;484
117;752
118;3126
119;816
120;519
121;655
122;845
123;1042
124;816
125;902
126;739
127;972
128;1861
129;811
130;2021
131;2112
132;547
133;2048
134;481
135;547
136;874
137;822
138;4202
139;1059
140;1143
141;3633
142;3804
143;916
144;4192
145;541
146;3872
147;694
148;743
149;455
150;894
151;685
152;672
153;653
154;1802
155;709
156;675
157;3061
158;677
159;678
160;558
161;628
162;499
163;1026
164;1044
165;651
166;3596
167;1980
168;679
169;788
170;471
171;2448
172;1936
173;983
174;668
175;3301
176;1193
177;3410
178;3361
179;3127
180;719
181;3501
182;619
183;1702
184;2914
185;652
186;970
187;560
188;883
189;718
190;927
191;507
192;435
193;758
194;892
195;513
196;573
197;872
198;893
199;3725
200;666
201;830
202;692
203;784
204;1063
205;524
206;544
207;2015
208;3560
209;3245
210;948
211;3169
212;3362
213;2798
214;3584
215;808
216;862
217;521
218;549
219;900
220;1077
221;510
222;515
223;644
224;519
225;863
226;597
227;793
228;2263
229;3202
230;1334
231;3240
232;3414
233;466
234;822
235;3711
236;830
237;742
238;789
239;705
240;495
241;521
242;1004
243;2312
244;560
245;782
246;829
247;1894
248;953
249;2844
250;1034
251;2179
252;2332
253;499
254;879
255;780
256;828
257;3674
258;3116
259;676
260;832
261;703
262;3523
263;1139
264;503
265;943
266;2682
267;600
268;854
269;1091
270;952
271;732
272;1946
273;800
274;775
275;3031
276;1092
277;481
278;2181
279;810
280;3081
281;976
282;3265
283;1129
284;1908
285;2364
286;773
287;800
288;943
289;2507
290;527
291;790
292;948
293;977
294;777
295;507
296;693
297;2092
298;695
299;772
300;734
301;607
302;637
303;848
304;507
305;690
306;840
307;990
308;778
309;853
310;1775
311;721
312;2593
313;1682
314;1694
315;3913
316;523
317;890
318;499
319;1685
320;451
321;675
322;858
323;792
324;3095
325;494
326;2167
327;501
328;2731
329;2015
330;3383
331;3507
332;859
333;618
334;660
335;3469
336;778
337;784
338;1153
339;777
340;517
341;822
342;876
343;4035
344;1692
345;602
346;2032
347;703
348;664
349;737
350;952
351;3919
352;881
353;722
354;4248
355;533
356;1099
357;718
358;3895
359;515
360;3224
361;902
362;3099
363;928
364;510
365;1157
366;3866
367;3638
368;691
369;1116
370;2049
371;743
372;642
373;902
374;835
375;605
376;2723
377;738
378;1405
379;488
380;3952
381;892
382;3129
383;958
384;952
385;798
386;501
387;3798
388;3698
389;928
390;759
391;708
392;665
393;3687
394;3389
395;743
396;923
397;2440
398;2666
399;1030
400;984
401;692
402;515
403;3250
404;760
405;854
406;3613
407;972
408;2361
409;3453
410;599
411;2273
412;708
413;923
414;1518
415;856
416;2495
417;772
418;3421
419;696
420;762
421;714
422;3425
423;851
424;474
425;858
426;2304
427;3434
428;3885
429;951
430;487
431;4028
432;1010
433;1007
434;886
435;685
436;1282
437;3530
438;462
439;774
440;3544
441;923
442;2667
443;523
444;712
445;2234
446;3870
447;3117
448;887
449;566
450;2917
451;3007
452;917
453;839
454;825
455;828
456;506
457;954
458;1120
459;1015
460;829
461;886
462;1808
463;640
464;924
465;3117
466;3906
467;474
468;2441
469;470
470;414
471;842
472;1748
473;847
474;2897
475;536
476;2080
477;594
478;816
479;578
480;485
481;3014
482;2624
483;3583
484;3932
485;875
486;675
487;432
488;1000
489;641
490;1008
491;556
492;2314
493;471
494;4180
495;824
496;755
497;523
498;917
499;872
500;532
501;889
502;490
503;857
504;599
505;3320
506;2149
507;676
508;510
509;1045
510;3225
511;922
512;667
513;4190
514;658
515;2079
516;920
517;506
518;3725
519;2603
520;467
521;2954
522;2147
523;439
524;688
525;784
526;741
527;1102
528;973
529;478
530;677
531;2590
532;3546
533;3432
534;808
535;4504
536;1119
537;934
538;1025
539;3979
540;875
541;2299
542;906
543;695
544;766
545;825
546;1552
547;734
548;3687
549;664
550;848
551;869
552;594
553;914
554;777
555;758
556;821
557;521
558;3697
559;918
560;722
561;651
562;2482
563;973
564;843
565;2095
566;1889
567;3665
568;2829
569;815
570;571
571;576
572;849
573;744
574;3698
575;870
576;1584
577;714
578;3760
579;1102
580;967
581;787
582;1590
583;2223
584;1577
585;3091
586;507
587;3038
588;510
589;862
590;451
591;3816
592;607
593;2043
594;512
595;503
596;3164
597;2160
598;2498
599;906
600;2710
601;3100
602;880
603;747
604;2868
605;895
606;3360
607;3149
608;941
609;831
610;692
611;719
612;1120
613;805
614;857
615;875
616;914
617;2263
618;942
619;823
620;509
621;2226
622;995
623;2411
624;992
625;452
626;990
627;751
628;688
629;1698
630;803
631;764
632;517
633;764
634;674
635;889
636;3788
637;3535
638;2969
639;1775
640;3498
641;597
642;2896
643;3404
644;2996
645;3803
646;1040
647;4128
648;409
649;749
650;607
651;454
652;2667
653;1531
654;533
655;724
656;768
657;844
658;660
659;3808
660;518
661;3575
662;4259
663;859
664;3751
665;496
666;478
667;3110
668;608
669;856
670;691
671;692
672;818
673;793
674;815
675;897
676;2171
677;2330
678;640
679;765
680;3514
681;625
682;453
683;678
684;2658
685;470
686;954
687;852
688;751
689;567
690;775
691;476
692;876
693;635
694;563
695;2220
696;4119
697;1575
698;803
699;1820
700;3362
701;2831
702;1709
703;810
704;783
705;672
706;552
707;531
708;922
709;657
710;1063
711;671
712;2712
713;775
714;904
715;746
716;764
717;1813
718;556
719;639
720;871
721;795
722;865
723;3304
724;2057
725;505
726;841
727;2038
728;1892
729;898
730;709
731;3736
732;810
733;916
734;3818
735;718
736;1915
737;739
738;2022
739;641
740;3773
741;4545
742;1631
743;2426
744;769
745;4172
746;3024
747;3953
748;893
749;3582
750;2803
751;4119
752;464
753;3916
754;727
755;1047
756;3259
757;1099
758;488
759;3697
760;1145
761;692
762;965
763;2028
764;809
765;704
766;525
767;552
768;3466
769;636
770;3243
771;430
772;969
773;880
774;799
775;811
776;660
777;1711
778;3055
779;656
780;1189
781;4309
782;822
783;4095
784;495
785;2727
786;691
787;1769
788;883
789;657
790;640
791;1040
792;793
793;768
794;869
795;2470
796;1259
797;3778
798;3700
799;811
800;2001
801;823
802;3805
803;740
804;974
805;536
806;785
807;1011
808;944
809;520
810;666
811;598
812;628
813;2229
814;744
815;898
816;2136
817;776
818;675
819;593
820;467
821;667
822;930
823;850
824;3195
825;816
826;887
827;877
828;688
829;589
830;873
831;2334
832;961
833;1105
834;3171
835;498
836;768
837;2570
838;1884
839;623
840;883
841;878
842;4053
843;856
844;721
845;4106
846;658
847;788
848;901
849;832
850;3446
851;880
852;713
853;931
854;490
855;975
856;3351
857;864
858;792
859;814
860;3169
861;3302
862;3150
863;533
864;3753
865;2348
866;696
867;915
868;2058
869;629
870;713
871;1802
872;890
873;3420
874;929
875;500
876;520
877;4102
878;3592
879;927
880;471
881;871
882;1766
883;473
884;867
885;922
886;989
887;3171
888;2253
889;2249
890;452
891;819
892;519
893;2062
894;543
895;1662
896;3568
897;790
898;964
899;3884
900;532
901;837
902;739
903;811
904;2121
905;2132
906;739
907;3791
908;1259
909;809
910;3347
911;825
912;470
913;791
914;958
915;661
916;540
917;1210
918;911
919;724
920;487
921;832
922;3303
923;863
924;3612
925;491
926;3507
927;1113
928;2377
929;575
930;643
931;788
932;785
933;513
934;724
935;807
936;632
937;3019
938;542
939;668
940;1080
941;2089
942;507
943;747
944;1002
945;1018
946;695
947;854
948;3183
949;662
950;598
951;1032
952;3152
953;816
954;731
955;3298
956;2050
957;452
958;721
959;2879
960;837
961;3495
962;650
963;1222
964;3017
965;3487
966;1776
967;488
968;3270
969;748
970;484
971;1026
972;637
973;474
974;876
975;1082
976;497
977;3317
978;802
979;463
980;415
981;910
982;847
983;2495
984;454
985;753
986;1032
987;779
988;522
989;1725
990;3835
991;2148
992;822
993;982
994;3327
995;475
996;3386
997;557
998;960
999;2361
1000;1072
1001;2450
1002;894
1003;2337
1004;3232
1005;509
1006;904
1007;647
1008;871
1009;780
1010;780
1011;482
1012;494
1013;867
1014;781
1015;3018
1016;842
1017;1065
1018;2637
1019;3233
1020;739
1021;994
1022;3384
1023;809
1024;2186
1025;832
1026;654
1027;760
1028;954
1029;3338
1030;3455
1031;465
1032;620
1033;1870
1034;1865
1035;643
1036;641
1037;468
1038;932
1039;3033
1040;550
1041;2250
1042;514
1043;3650
1044;1692
1045;515
1046;890
1047;762
1048;977
1049;915
1050;698
1051;3226
1052;648
1053;2744
1054;990
1055;991
1056;743
1057;718
1058;798
1059;849
1060;3879
1061;1565
1062;803
1063;756
1064;2028
1065;667
1066;1270
1067;948
1068;936
1069;684
1070;655
1071;1111
1072;3606
1073;847
1074;2720
1075;546
1076;3234
1077;2525
1078;765
1079;4047
1080;485
1081;3727
1082;710
1083;769
1084;635
1085;643
1086;2303
1087;521
1088;533
1089;659
1090;514
1091;962
1092;2073
1093;444
1094;669
1095;920
1096;898
1097;695
1098;580
1099;1715
1100;3706
1101;681
1102;931
1103;495
1104;4067
1105;2149
1106;1074
1107;488
1108;1090
1109;2828
1110;886
1111;890
1112;814
1113;973
1114;877
1115;871
1116;4429
1117;2943
1118;3448
1119;2111
1120;829
1121;1818
1122;3487
1123;1885
1124;773
1125;656
1126;1848
1127;3493
1128;890
1129;1985
1130;1037
1131;771
1132;493
1133;3614
1134;993
1135;930
1136;2023
1137;874
1138;962
1139;920
1140;2487
1141;2763
1142;1015
1143;1945
1144;823
1145;498
1146;3693
1147;735
1148;605
1149;4055
1150;760
1151;3991
1152;2867
1153;497
1154;879
1155;664
1156;921
1157;640
1158;1896
1159;498
1160;478
1161;721
1162;928
1163;759
1164;623
1165;2360
1166;1012
1167;691
1168;464
1169;1832
1170;731
1171;1089
1172;1024
1173;673
1174;848
1175;3459
1176;3262
1177;747
1178;504
1179;881
1180;965
1181;599
1182;496
1183;487
1184;809
1185;4194
1186;3826
1187;2159
1188;964
1189;2182
1190;638
1191;862
1192;697
1193;1024
1194;3968
1195;842
1196;617
1197;619
1198;821
1199;670
1200;1013
1201;744
1202;1020
1203;3592
1204;782
1205;970
1206;863
1207;1202
1208;838
1209;1070
1210;668
1211;2669
1212;3569
1213;532
1214;823
1215;1138
1216;2731
1217;3384
1218;3539
1219;644
1220;527
1221;838
1222;2957
1223;1034
1224;1785
1225;1648
1226;904
1227;4327
1228;440
1229;822
1230;1116
1231;486
1232;981
1233;931
1234;748
1235;668
1236;3677
1237;909
1238;1089
1239;3800
1240;1078
1241;743
1242;740
1243;2163
1244;671
1245;882
1246;1198
1247;676
1248;3494
1249;784
1250;1105
1251;813
1252;980
1253;778
1254;954
1255;658
1256;493
1257;3576
1258;690
1259;3127
1260;1326
1261;743
1262;3296
1263;3617
1264;3476
1265;3648
1266;1066
1267;777
1268;3567
1269;2242
1270;844
1271;1158
1272;788
1273;4013
1274;1103
1275;3882
1276;2194
1277;785
1278;2215
1279;1132
1280;785
1281;1042
1282;3780
1283;533
1284;881
1285;604
1286;552
1287;4144
1288;902
1289;538
1290;840
1291;532
1292;480
1293;714
1294;814
1295;3713
1296;981
1297;3763
1298;1471
1299;874
1300;963
1301;2572
1302;2684
1303;462
1304;3495
1305;3194
1306;863
1307;4055
1308;1034
1309;857
1310;1000
1311;660
1312;723
1313;860
1314;475
1315;501
1316;1075
1317;2274
1318;2856
1319;888
1320;613
1321;504
1322;722
1323;705
1324;2805
1325;1156
1326;845
1327;541
1328;1459
1329;912
1330;800
1331;1980
1332;701
1333;3919
1334;664
1335;879
1336;1024
1337;823
1338;856
1339;480
1340;3351
1341;4102
1342;577
1343;685
1344;963
1345;818
1346;3400
1347;867
1348;2171
1349;766
1350;3995
1351;546
1352;1972
1353;490
1354;649
1355;593
1356;515
1357;769
1358;2809
1359;724
1360;2825
1361;546
1362;875
1363;818
1364;2191
1365;900
1366;597
1367;707
1368;3782
1369;3881
1370;3904
1371;704
1372;1058
1373;634
1374;1017
1375;1007
1376;1218
1377;812
1378;939
1379;894
1380;836
1381;536
1382;974
1383;805
1384;3439
1385;907
1386;501
1387;582
1388;1681
1389;469
1390;658
1391;506
1392;1098
1393;755
1394;528
1395;652
1396;567
1397;717
1398;1116
1399;880
1400;805
1401;788
1402;714
1403;962
1404;547
1405;499
1406;658
1407;4090
1408;604
1409;773
1410;819
1411;547
1412;663
1413;796
1414;473
1415;909
1416;911
1417;2427
1418;3255
1419;683
1420;670
1421;3009
1422;597
1423;1111
1424;620
1425;596
1426;754
1427;645
1428;1488
1429;659
1430;970
1431;2360
1432;631
1433;3280
1434;502
1435;735
1436;525
1437;2511
1438;2574
1439;848
1440;1124
1441;1511
1442;774
1443;888
1444;841
1445;844
1446;703
1447;916
1448;534
1449;853
1450;726
1451;669
1452;692
1453;527
1454;1006
1455;767
1456;879
1457;987
1458;3152
1459;493
1460;1106
1461;3728
1462;1204
1463;747
1464;673
1465;808
1466;803
1467;858
1468;3489
1469;2187
1470;710
1471;913
1472;505
1473;4062
1474;660
1475;3620
1476;640
1477;821
1478;3608
1479;710
1480;681
1481;524
1482;852
1483;876
1484;1002
1485;2117
1486;2674
1487;928
1488;890
1489;4780
1490;890
1491;906
1492;760
1493;4830
1494;660
1495;515
1496;2190
1497;1033
1498;2222
1499;2027
1500;2048
1501;425
1502;619
1503;517
1504;490
1505;1630
1506;829
1507;2036
1508;4017
1509;587
1510;3920
1511;904
1512;674
1513;885
1514;726
1515;3927
1516;634
1517;651
1518;3487
1519;670
1520;3715
1521;1085
1522;3657
1523;3907
1524;860
1525;470
1526;766
1527;525
1528;868
1529;3000
1530;3789
1531;3441
1532;945
1533;3868
1534;3633
1535;1939
1536;832
1537;525
1538;700
1539;1918
1540;2403
1541;3525
1542;2095
1543;948
1544;876
1545;1764
1546;900
1547;775
1548;469
1549;477
1550;3856
1551;482
1552;1030
1553;700
1554;805
1555;773
1556;689
1557;539
1558;4005
1559;3686
1560;830
1561;849
1562;2133
1563;619
1564;565
1565;857
1566;519
1567;621
1568;497
1569;3131
1570;1477
1571;2102
1572;3872
1573;917
1574;1046
1575;689
1576;673
1577;1817
1578;832
1579;932
1580;2474
1581;491
1582;801
1583;1110
1584;475
1585;2310
1586;2859
1587;841
1588;724
1589;545
1590;1156
1591;485
1592;3046
1593;817
1594;837
1595;745
1596;3868
1597;454
1598;3737
1599;511
1600;3935
1601;907
1602;502
1603;3224
1604;482
1605;969
1606;921
1607;3487
1608;419
1609;512
1610;643
1611;844
1612;984
1613;2478
1614;1116
1615;634
1616;653
1617;808
1618;1011
1619;730
1620;621
1621;2221
1622;823
1623;893
1624;3772
1625;1010
1626;524
1627;959
1628;960
1629;1901
1630;3348
1631;1030
1632;4342
1633;1155
1634;682
1635;664
1636;2174
1637;905
1638;2904
1639;537
1640;949
1641;764
1642;579
1643;860
1644;803
1645;2197
1646;773
1647;845
1648;760
1649;762
1650;781
1651;481
1652;768
1653;3592
1654;931
1655;865
1656;682
1657;919
1658;852
1659;687
1660;3140
1661;727
1662;3581
1663;989
1664;4140
1665;914
1666;849
1667;646
1668;459
1669;486
1670;1126
1671;1764
1672;990
1673;765
1674;2252
1675;1482
1676;431
1677;949
1678;1726
1679;506
1680;2139
1681;823
1682;515
1683;513
1684;1009
1685;3411
1686;902
1687;428
1688;1773
1689;2446
1690;3443
1691;3799
1692;572
1693;2187
1694;4124
1695;921
1696;859
1697;492
1698;529
1699;3989
1700;527
1701;504
1702;647
1703;528
1704;965
1705;804
1706;1982
1707;2187
1708;674
1709;1020
1710;868
1711;3009
1712;1989
1713;4092
1714;784
1715;3510
1716;856
1717;1007
1718;916
1719;2591
1720;755
1721;3550
1722;2299
1723;508
1724;1485
1725;772
1726;773
1727;3967
1728;1116
1729;504
1730;969
1731;981
1732;809
1733;1080
1734;887
1735;787
1736;462
1737;669
1738;658
1739;904
1740;881
1741;1987
1742;509
1743;855
1744;4189
1745;490
1746;2194
1747;3276
1748;581
1749;498
1750;2351
1751;522
1752;998
1753;995
1754;964
1755;2557
1756;473
1757;3450
1758;382
1759;490
1760;2461
1761;3157
1762;2573
1763;1077
1764;993
1765;1622
1766;716
1767;605
1768;648
1769;605
1770;763
1771;858
1772;501
1773;3986
1774;1201
1775;491
1776;925
1777;774
1778;3265
1779;1000
1780;568
1781;3123
1782;3443
1783;1878
1784;1130
1785;1714
1786;669
1787;926
1788;517
1789;3840
1790;437
1791;1036
1792;891
1793;859
1794;1098
1795;3395
1796;904
1797;1104
1798;1189
1799;853
1800;850
1801;1503
1802;2171
1803;490
1804;1702
1805;3804
1806;3450
1807;659
1808;907
1809;510
1810;929
1811;635
1812;3659
1813;834
1814;2056
1815;3992
1816;543
1817;734
1818;838
1819;3163
1820;463
1821;852
1822;4102
1823;1107
1824;1003
1825;789
1826;540
1827;946
1828;989
1829;1036
1830;3825
1831;656
1832;2801
1833;712
1834;2945
1835;862
1836;487
1837;782
1838;1076
1839;474
1840;712
1841;2399
1842;938
1843;808
1844;774
1845;836
1846;645
1847;717
1848;754
1849;777
1850;606
1851;996
1852;814
1853;765
1854;480
1855;884
1856;843
1857;464
1858;605
1859;2233
1860;2592
1861;3528
1862;862
1863;3033
1864;752
1865;612
1866;507
1867;886
1868;649
1869;601
1870;519
1871;1979
1872;474
1873;466
1874;848
1875;2883
1876;656
1877;507
1878;834
1879;2174
1880;739
1881;3088
1882;493
1883;1019
1884;784
1885;2690
1886;3796
1887;503
1888;813
1889;852
1890;695
1891;955
1892;1066
1893;756
1894;470
1895;1447
1896;767
1897;493
1898;852
1899;533
1900;3874
1901;981
1902;664
1903;3114
1904;535
1905;470
1906;1348
1907;2555
1908;767
1909;2061
1910;1966
1911;830
1912;1012
1913;950
1914;2941
1915;4377
1916;492
1917;833
1918;1162
1919;1093
1920;3906
1921;964
1922;709
1923;656
1924;703
1925;1888
1926;3605
1927;700
1928;623
1929;712
1930;689
1931;1851
1932;902
1933;806
1934;3453
1935;1027
1936;1719
1937;953
1938;987
1939;4369
1940;792
1941;806
1942;2849
1943;653
1944;924
1945;743
1946;528
1947;496
1948;509
1949;3563
1950;2704
1951;661
1952;2113
1953;552
1954;934
1955;3270
1956;618
1957;1981
1958;506
1959;560
1960;987
1961;880
1962;469
1963;512
1964;673
1965;687
1966;747
1967;871
1968;1022
1969;664
1970;2323
1971;913
1972;822
1973;4215
1974;725
1975;3198
1976;3938
1977;537
1978;942
1979;519
1980;1121
1981;2930
1982;537
1983;983
1984;553
1985;3215
1986;827
1987;512
1988;585
1989;748
1990;616
1991;521
1992;3277
1993;3538
1994;526
1995;999
1996;1101
1997;878
1998;809
1999;1548
2000;760
2001;3370
2002;914
2003;846
2004;900
2005;1874
2006;505
2007;3694
2008;1035
2009;546
2010;3794
2011;2106
2012;836
2013;641
2014;483
2015;858
2016;2262
2017;773
2018;1196
2019;2878
2020;599
2021;516
2022;1127
2023;2198
2024;484
2025;3526
2026;4137
2027;1014
2028;983
2029;773
2030;538
2031;3163
2032;1012
2033;737
2034;705
2035;792
2036;668
2037;1993
2038;716
2039;3864
2040;633
2041;635
2042;962
2043;738
2044;987
2045;680
2046;3366
2047;1001
2048;4030
2049;623
2050;747
2051;1126
2052;759
2053;3089
2054;735
2055;1662
2056;2981
2057;2393
2058;686
2059;2307
2060;808
2061;3154
2062;3390
2063;853
2064;1022
2065;3950
2066;4609
2067;501
2068;505
2069;806
2070;1091
2071;3907
2072;781
2073;473
2074;477
2075;3379
2076;1016
2077;1073
2078;659
2079;876
2080;770
2081;1908
2082;874
2083;1167
2084;1093
2085;518
2086;2329
2087;972
2088;888
2089;499
2090;3390
2091;726
2092;4255
2093;684
2094;868
2095;404
2096;583
2097;795
2098;855
2099;1091
2100;454
2101;1095
2102;973
2103;2263
2104;3150
2105;2474
2106;678
2107;548
2108;638
2109;560
2110;515
2111;890
2112;1121
2113;838
2114;561
2115;2222
2116;780
2117;3666
2118;757
2119;3691
2120;846
2121;486
2122;743
2123;2063
2124;1039
2125;772
2126;2873
2127;1033
2128;3373
2129;1076
2130;438
2131;666
2132;863
2133;921
2134;667
2135;847
2136;507
2137;2782
2138;649
2139;703
2140;599
2141;1138
2142;784
2143;3451
2144;681
2145;2304
2146;1010
2147;588
2148;2303
2149;1128
2150;3385
2151;737
2152;1048
2153;828
2154;763
2155;3088
2156;711
2157;745
2158;936
2159;735
2160;782
2161;753
2162;2118
2163;3823
2164;568
2165;536
2166;649
2167;848
2168;746
2169;902
2170;905
2171;3259
2172;730
2173;3812
2174;4552
2175;474
2176;487
2177;725
2178;702
2179;2393
2180;3394
2181;3179
2182;615
2183;944
2184;3112
2185;1861
2186;608
2187;4176
2188;3498
2189;774
2190;987
2191;518
2192;683
2193;1918
2194;834
2195;501
2196;3603
2197;1032
2198;983
2199;751
2200;760
2201;989
2202;922
2203;1141
2204;3841
2205;4043
2206;2146
2207;592
2208;780
2209;674
2210;3721
2211;1607
2212;807
2213;489
2214;883
2215;1093
2216;787
2217;802
2218;2776
2219;995
2220;1022
2221;881
2222;506
2223;634
2224;2289
2225;620
2226;4041
2227;945
2228;539
2229;703
2230;472
2231;1871
2232;859
2233;3897
2234;476
2235;3882
2236;3562
2237;4337
2238;755
2239;848
2240;913
2241;1015
2242;765
2243;3990
2244;605
2245;1943
2246;897
2247;635
2248;3080
2249;785
2250;986
2251;711
2252;907
2253;828
2254;835
2255;621
2256;820
2257;4202
2258;1108
2259;785
2260;3991
2261;700
2262;2030
2263;2150
2264;754
2265;961
2266;1571
2267;943
2268;509
2269;665
2270;970
2271;2465
2272;4167
2273;2856
2274;568
2275;570
2276;764
2277;855
2278;602
2279;2530
2280;1713
2281;921
2282;654
2283;3598
2284;820
2285;1074
2286;495
2287;3876
2288;2194
2289;984
2290;662
2291;1089
2292;812
2293;681
2294;725
2295;794
2296;3458
2297;2087
2298;3442
2299;991
2300;888
2301;1084
2302;798
2303;667
2304;758
2305;800
2306;567
2307;3036
2308;1012
2309;1027
2310;3607
2311;2444
2312;982
2313;492
2314;2184
2315;920
2316;741
2317;829
2318;689
2319;3046
2320;2685
2321;455
2322;472
2323;794
2324;638
2325;3617
2326;469
2327;1861
2328;1055
2329;1999
2330;790
2331;2313
2332;653
2333;860
2334;4015
2335;1748
2336;979
2337;4296
2338;869
2339;756
2340;3858
2341;853
2342;2666
2343;847
2344;3629
2345;684
2346;2990
2347;4020
2348;533
2349;531
2350;3261
2351;3761
2352;2160
2353;546
2354;550
2355;860
2356;795
2357;815
2358;779
2359;1128
2360;866
2361;1924
2362;501
2363;508
2364;595
2365;586
2366;2289
2367;3502
2368;2976
2369;739
2370;692
2371;2663
2372;744
2373;684
2374;494
2375;668
2376;1060
2377;840
2378;3713
2379;2116
2380;554
2381;3795
2382;636
2383;1272
2384;521
2385;696
2386;704
2387;3261
2388;856
2389;539
2390;537
2391;638
2392;2515
2393;729
2394;489
2395;484
2396;3500
2397;760
2398;985
2399;662
2400;3269
2401;485
2402;3619
2403;825
2404;1021
2405;1156
2406;636
2407;1140
2408;924
2409;670
2410;1120
2411;3487
2412;4005
2413;711
2414;480
2415;3680
2416;487
2417;774
2418;917
2419;626
2420;2141
2421;733
2422;2031
2423;883
2424;2114
2425;456
2426;2270
2427;918
2428;3647
2429;467
2430;3995
2431;734
2432;510
2433;513
2434;773
2435;2086
2436;477
2437;3811
2438;852
2439;689
2440;2459
2441;676
2442;978
2443;1083
2444;809
2445;3380
2446;3998
2447;3815
2448;547
2449;1084
2450;847
2451;3333
2452;789
2453;2146
2454;4093
2455;519
2456;2404
2457;1142
2458;824
2459;786
2460;594
2461;1164
2462;1007
2463;1794
2464;827
2465;557
2466;3702
2467;1947
2468;924
2469;1747
2470;2266
2471;541
2472;844
2473;538
2474;702
2475;3022
2476;718
2477;3817
2478;1991
2479;1049
2480;506
2481;976
2482;676
2483;2005
2484;1961
2485;590
2486;1804
2487;2282
2488;495
2489;997
2490;748
2491;943
2492;951
2493;1804
2494;852
2495;2418
2496;1859
2497;3621
2498;1080
2499;2131
2500;532
2501;1117
2502;916
2503;591
2504;3681
2505;709
2506;3214
2507;544
2508;531
2509;3410
2510;2323
2511;637
2512;858
2513;495
2514;817
2515;2278
2516;498
2517;750
2518;1741
2519;536
2520;1035
2521;2049
2522;3634
2523;677
2524;514
2525;3917
2526;831
2527;1692
2528;3253
2529;489
2530;971
2531;793
2532;3808
2533;1804
2534;4154
2535;583
2536;928
2537;789
2538;1614
2539;937
2540;641
2541;1651
2542;683
2543;515
2544;1443
2545;906
2546;598
2547;536
2548;2267
2549;998
2550;4128
2551;873
2552;871
2553;763
2554;953
2555;631
2556;585
2557;475
2558;2217
2559;1106
2560;1026
2561;2834
2562;768
2563;4072
2564;503
2565;515
2566;2147
2567;751
2568;1084
2569;885
2570;502
2571;541
2572;809
2573;1840
2574;3163
2575;827
2576;3892
2577;672
2578;548
2579;2019
2580;908
2581;2065
2582;2100
2583;1515
2584;492
2585;1855
2586;532
2587;460
2588;813
2589;593
2590;835
2591;539
2592;2659
2593;794
2594;756
2595;2159
2596;519
2597;2651
2598;854
2599;974
2600;2977
2601;772
2602;495
2603;1863
2604;3953
2605;804
2606;1955
2607;871
2608;493
2609;687
2610;960
2611;1832
2612;1273
2613;3480
2614;3328
2615;477
2616;981
2617;1089
2618;3443
2619;703
2620;1084
2621;3730
2622;675
2623;3513
2624;1191
2625;480
2626;1161
2627;522
2628;1095
2629;493
2630;712
2631;3975
2632;893
2633;3916
2634;2153
2635;3251
2636;505
2637;1993
2638;1030
2639;3757
2640;4003
2641;2230
2642;3051
2643;650
2644;2501
2645;2182
2646;549
2647;922
2648;3928
2649;518
2650;2635
2651;456
2652;841
2653;520
2654;506
2655;1049
2656;888
2657;1034
2658;2300
2659;1107
2660;3976
2661;4086
2662;507
2663;660
2664;957
2665;652
2666;2619
2667;746
2668;732
2669;968
2670;2924
2671;3960
2672;749
2673;694
2674;852
2675;473
2676;627
2677;936
2678;479
2679;3512
2680;442
2681;1648
2682;820
2683;688
2684;623
2685;1824
2686;790
2687;488
2688;685
2689;727
2690;823
2691;495
2692;500
2693;941
2694;599
2695;3938
2696;557
2697;3554
2698;505
2699;4217
2700;3868
2701;737
2702;1661
2703;3777
2704;660
2705;1073
2706;3534
2707;893
2708;454
2709;670
2710;755
2711;887
2712;3094
2713;993
2714;3506
2715;469
2716;1781
2717;3856
2718;540
2719;2185
2720;979
2721;482
2722;1170
2723;3598
2724;821
2725;895
2726;801
2727;4081
2728;2533
2729;1250
2730;1174
2731;783
2732;790
2733;887
2734;540
2735;922
2736;622
2737;514
2738;446
2739;688
2740;2877
2741;1136
2742;504
2743;2732
2744;514
2745;3952
2746;2386
2747;834
2748;489
2749;3739
2750;1653
2751;1224
2752;797
2753;2070
2754;433
2755;3143
2756;1004
2757;2142
2758;4280
2759;512
2760;3364
2761;761
2762;651
2763;2821
2764;1040
2765;623
2766;2214
2767;1151
2768;2829
2769;1026
2770;906
2771;790
2772;2313
2773;3002
2774;641
2775;890
2776;798
2777;681
2778;523
2779;1121
2780;660
2781;2084
2782;739
2783;1957
2784;552
2785;877
2786;781
2787;634
2788;2016
2789;849
2790;1112
2791;937
2792;3095
2793;867
2794;965
2795;3259
2796;1083
2797;4073
2798;808
2799;495
2800;465
2801;773
2802;1744
2803;2131
2804;1009
2805;1042
2806;504
2807;515
2808;522
2809;698
2810;690
2811;487
2812;1913
2813;833
2814;701
2815;1004
2816;786
2817;1905
2818;544
2819;940
2820;685
2821;1066
2822;643
2823;730
2824;461
2825;636
2826;641
2827;848
2828;514
2829;438
2830;916
2831;3775
2832;1761
2833;3582
2834;654
2835;3759
2836;851
2837;1134
2838;795
2839;1877
2840;512
2841;705
2842;854
2843;3312
2844;741
2845;944
2846;1006
2847;1107
2848;559
2849;3490
2850;439
2851;782
2852;3690
2853;711
2854;1044
2855;757
2856;884
2857;815
2858;529
2859;1938
2860;2824
2861;1084
2862;703
2863;681
2864;3336
2865;695
2866;497
2867;670
2868;476
2869;625
2870;824
2871;600
2872;503
2873;718
2874;2988
2875;869
2876;3267
2877;2206
2878;697
2879;596
2880;878
2881;939
2882;841
2883;3522
2884;2663
2885;2652
2886;689
2887;831
2888;689
2889;912
2890;695
2891;1056
2892;3182
2893;3020
2894;1208
2895;703
2896;3203
2897;537
2898;669
2899;1122
2900;3906
2901;2688
2902;926
2903;841
2904;2903
2905;2948
2906;1778
2907;3959
2908;471
2909;839
2910;1761
2911;2953
2912;468
2913;989
2914;639
2915;778
2916;487
2917;3699
2918;753
2919;660
2920;1064
2921;759
2922;1130
2923;819
2924;1109
2925;1919
2926;840
2927;975
2928;560
2929;853
2930;1393
2931;1065
2932;907
2933;1013
2934;456
2935;723
2936;574
2937;1812
2938;1069
2939;790
2940;3809
2941;1836
2942;860
2943;845
2944;3610
2945;3160
2946;742
2947;920
2948;704
2949;493
2950;2096
2951;512
2952;931
2953;829
2954;878
2955;485
2956;3577
2957;743
2958;2322
2959;393
2960;812
2961;2373
2962;654
2963;1029
2964;655
2965;441
2966;1861
2967;3427
2968;1013
2969;867
2970;1031
2971;485
2972;953
2973;558
2974;719
2975;840
2976;2314
2977;459
2978;3108
2979;3857
2980;1027
2981;2780
2982;700
2983;3087
2984;2879
2985;1951
2986;812
2987;1954
2988;1907
2989;832
2990;3399
2991;572
2992;520
2993;1110
2994;1869
2995;2714
2996;625
2997;608
2998;1182
2999;1034
3000;531
3001;444
3002;3586
3003;2181
3004;885
3005;2934
3006;713
3007;2320
3008;826
3009;3513
3010;873
3011;713
3012;784
3013;1017
3014;933
3015;671
3016;516
3017;923
3018;3231
3019;626
3020;660
3021;3806
3022;1585
3023;870
3024;1695
3025;592
3026;790
3027;946
3028;3900
3029;3699
3030;3956
3031;928
3032;533
3033;879
3034;859
3035;1559
3036;3069
3037;742
3038;2286
3039;771
3040;906
3041;1900
3042;521
3043;2199
3044;581
3045;478
3046;798
3047;790
3048;692
3049;845
3050;2377
3051;4631
3052;967
3053;635
3054;985
3055;551
3056;847
3057;2421
3058;511
3059;725
3060;501
3061;1327
3062;841
3063;3951
3064;963
3065;953
3066;587
3067;560
3068;695
3069;959
3070;2101
3071;807
3072;523
3073;783
3074;646
3075;639
3076;709
3077;630
3078;2106
3079;761
3080;834
3081;544
3082;838
3083;2484
3084;567
3085;1943
3086;3504
3087;2791
3088;1056
3089;642
3090;3126
3091;3754
3092;3744
3093;3980
3094;963
3095;489
3096;637
3097;824
3098;972
3099;2343
3100;1102
3101;1528
3102;735
3103;1030
3104;435
3105;932
3106;783
3107;981
3108;531
3109;802
3110;2731
3111;832
3112;725
3113;845
3114;548
3115;914
3116;805
3117;514
3118;868
3119;3313
3120;710
3121;739
3122;366
3123;932
3124;3446
3125;1003
3126;2540
3127;2303
3128;890
3129;815
3130;4154
3131;3259
3132;2163
3133;853
3134;762
3135;928
3136;606
3137;4370
3138;442
3139;671
3140;3637
3141;835
3142;2943
3143;2130
3144;3013
3145;489
3146;3362
3147;428
3148;845
3149;625
3150;509
3151;794
3152;691
3153;973
3154;870
3155;537
3156;1118
3157;972
3158;2516
3159;725
3160;491
3161;2285
3162;448
3163;1032
3164;634
3165;484
3166;3407
3167;4188
3168;3946
3169;473
3170;1940
3171;3694
3172;903
3173;821
3174;4029
3175;810
3176;3596
3177;666
3178;2481
3179;669
3180;882
3181;617
3182;3084
3183;956
3184;2994
3185;958
3186;898
3187;811
3188;2040
3189;687
3190;600
3191;563
3192;854
3193;894
3194;744
3195;2793
3196;3760
3197;841
3198;1308
3199;942
3200;797
3201;1986
3202;3647
3203;963
3204;774
3205;2358
3206;759
3207;684
3208;977
3209;784
3210;836
3211;928
3212;440
3213;743
3214;659
3215;2884
3216;1089
3217;1258
3218;667
3219;828
3220;963
3221;839
3222;2661
3223;3976
3224;865
3225;873
3226;2247
3227;4136
3228;2959
3229;928
3230;3479
3231;3287
3232;3894
3233;700
3234;3186
3235;486
3236;1064
3237;650
3238;645
3239;3494
3240;834
3241;653
3242;1069
3243;1099
3244;564
3245;4384
3246;535
3247;1204
3248;1067
3249;3384
3250;777
3251;783
3252;507
3253;2468
3254;549
3255;798
3256;3373
3257;3313
3258;1037
3259;481
3260;711
3261;1083
3262;450
3263;3144
3264;643
3265;2332
3266;731
3267;1834
3268;768
3269;700
3270;2037
3271;708
3272;831
3273;510
3274;721
3275;563
3276;845
3277;896
3278;2387
3279;3249
3280;712
3281;477
3282;2054
3283;640
3284;2501
3285;574
3286;969
3287;4307
3288;653
3289;672
3290;3590
3291;639
3292;3947
3293;1020
3294;1800
3295;3817
3296;912
3297;642
3298;628
3299;511
3300;680
3301;1979
3302;986
3303;958
3304;1928
3305;1017
3306;864
3307;480
3308;479
3309;643
3310;3126
3311;1833
3312;1104
3313;3500
3314;1902
3315;533
3316;606
3317;2406
3318;1043
3319;818
3320;936
3321;670
3322;742
3323;893
3324;2233
3325;640
3326;3806
3327;3706
3328;473
3329;989
3330;497
3331;2988
3332;498
3333;514
3334;906
3335;678
3336;571
3337;2138
3338;2456
3339;891
3340;3541
3341;822
3342;578
3343;973
3344;2285
3345;3702
3346;1097
3347;1018
3348;621
3349;537
3350;830
3351;769
3352;927
3353;1786
3354;844
3355;612
3356;751
3357;770
3358;2301
3359;678
3360;2281
3361;3399
3362;687
3363;2868
3364;769
3365;1011
3366;3643
3367;3977
3368;4512
3369;4145
3370;2592
3371;562
3372;748
3373;517
3374;3702
3375;678
3376;2099
3377;846
3378;923
3379;941
3380;1165
3381;3661
3382;2371
3383;876
3384;806
3385;605
3386;492
3387;887
3388;715
3389;3072
3390;1750
3391;546
3392;1135
3393;832
3394;929
3395;4100
3396;878
3397;1120
3398;756
3399;2585
3400;889
3401;1151
3402;2134
3403;3078
3404;1939
3405;2919
3406;536
3407;978
3408;827
3409;2467
3410;1865
3411;2459
3412;799
3413;868
3414;3154
3415;862
3416;781
3417;870
3418;695
3419;1137
3420;801
3421;785
3422;964
3423;859
3424;677
3425;3052
3426;1001
3427;599
3428;651
3429;1020
3430;2259
3431;503
3432;525
3433;895
3434;2278
3435;534
3436;1005
3437;4238
3438;585
3439;502
3440;4324
3441;729
3442;1080
3443;692
3444;477
3445;460
3446;548
3447;803
3448;1002
3449;661
3450;2169
3451;3402
3452;687
3453;3041
3454;1156
3455;1052
3456;506
3457;620
3458;468
3459;744
3460;2430
3461;3117
3462;706
3463;2851
3464;825
3465;797
3466;679
3467;741
3468;499
3469;3985
3470;702
3471;906
3472;1161
3473;349
3474;4198
3475;812
3476;3785
3477;488
3478;767
3479;715
3480;737
3481;1584
3482;2147
3483;618
3484;3877
3485;3268
3486;569
3487;744
3488;740
3489;4173
3490;515
3491;878
3492;840
3493;893
3494;873
3495;470
3496;721
3497;929
3498;3077
3499;542
3500;981
3501;1002
3502;927
3503;697
3504;825
3505;2152
3506;4001
3507;457
3508;767
3509;2509
3510;890
3511;541
3512;3007
3513;3454
3514;700
3515;745
3516;3472
3517;1801
3518;2055
3519;1093
3520;1046
3521;481
3522;1160
3523;752
3524;1650
3525;773
3526;1105
3527;4227
3528;1948
3529;669
3530;801
3531;725
3532;823
3533;2627
3534;1237
3535;1877
3536;951
3537;923
3538;3539
3539;4055
3540;570
3541;3962
3542;2900
3543;540
3544;654
3545;552
3546;506
3547;626
3548;789
3549;562
3550;494
3551;569
3552;606
3553;930
3554;801
3555;796
3556;4443
3557;3271
3558;762
3559;1632
3560;537
3561;906
3562;807
3563;3000
3564;783
3565;476
3566;3258
3567;1041
3568;919
3569;1400
3570;526
3571;2981
3572;655
3573;1022
3574;767
3575;2240
3576;608
3577;477
3578;641
3579;851
3580;3506
3581;2866
3582;3460
3583;869
3584;2223
3585;770
3586;621
3587;1178
3588;3196
3589;646
3590;561
3591;3617
3592;928
3593;2836
3594;3681
3595;2426
3596;3221
3597;482
3598;1000
3599;673
3600;2151
3601;747
3602;823
3603;3271
3604;886
3605;714
3606;477
3607;530
3608;656
3609;548
3610;517
3611;515
3612;3485
3613;2945
3614;545
3615;2358
3616;497
3617;781
3618;3851
3619;1147
3620;455
3621;2260
3622;1097
3623;852
3624;1098
3625;1996
3626;808
3627;506
3628;941
3629;832
3630;3789
3631;1086
3632;670
3633;2405
3634;2333
3635;743
3636;2806
3637;905
3638;874
3639;2816
3640;473
3641;865
3642;736
3643;2525
3644;632
3645;652
3646;818
3647;3787
3648;2169
3649;2536
3650;453
3651;3798
3652;497
3653;2102
3654;1031
3655;683
3656;511
3657;764
3658;2307
3659;792
3660;3269
3661;1564
3662;727
3663;927
3664;921
3665;501
3666;3732
3667;781
3668;941
3669;491
3670;850
3671;1664
3672;524
3673;4015
3674;1860
3675;1038
3676;823
3677;4066
3678;3149
3679;550
3680;486
3681;687
3682;513
3683;926
3684;3188
3685;679
3686;1751
3687;2469
3688;1120
3689;3665
3690;820
3691;3489
3692;808
3693;1906
3694;2086
3695;1342
3696;603
3697;710
3698;714
3699;2350
3700;757
3701;3436
3702;900
3703;836
3704;498
3705;801
3706;795
3707;2046
3708;671
3709;618
3710;4033
3711;824
3712;642
3713;767
3714;1038
3715;982
3716;3801
3717;3439
3718;874
3719;1062
3720;686
3721;1888
3722;3034
3723;646
3724;725
3725;839
3726;3326
3727;2146
3728;906
3729;1942
3730;1255
3731;756
3732;3845
3733;627
3734;3613
3735;3740
3736;900
3737;816
3738;627
3739;1002
3740;3748
3741;1505
3742;782
3743;675
3744;865
3745;4638
3746;2139
3747;772
3748;495
3749;943
3750;3253
3751;3689
3752;1044
3753;3333
3754;848
3755;940
3756;702
3757;652
3758;893
3759;509
3760;1085
3761;841
3762;4067
3763;1244
3764;615
3765;511
3766;2258
3767;982
3768;2739
3769;882
3770;818
3771;537
3772;2975
3773;842
3774;3466
3775;639
3776;686
3777;3579
3778;589
3779;972
3780;3636
3781;2280
3782;3490
3783;531
3784;763
3785;3423
3786;897
3787;745
3788;1016
3789;527
3790;890
3791;3668
3792;654
3793;794
3794;529
3795;941
3796;1103
3797;3847
3798;856
3799;2255
3800;903
3801;1021
3802;720
3803;941
3804;501
3805;2823
3806;697
3807;978
3808;632
3809;495
3810;2240
3811;524
3812;883
3813;921
3814;637
3815;3136
3816;1053
3817;556
3818;683
3819;1923
3820;2256
3821;1131
3822;4061
3823;3837
3824;1828
3825;474
3826;3500
3827;2917
3828;1050
3829;382
3830;493
3831;2149
3832;3756
3833;505
3834;1064
3835;965
3836;3200
3837;547
3838;2951
3839;806
3840;476
3841;1166
3842;958
3843;926
3844;670
3845;3479
3846;695
3847;508
3848;928
3849;3950
3850;697
3851;808
3852;482
3853;915
3854;490
3855;2148
3856;881
3857;860
3858;541
3859;1940
3860;907
3861;1532
3862;514
3863;4067
3864;747
3865;2471
3866;908
3867;469
3868;501
3869;2882
3870;2877
3871;4102
3872;1871
3873;673
3874;1054
3875;940
3876;667
3877;766
3878;2286
3879;464
3880;3527
3881;610
3882;936
3883;792
3884;716
3885;3145
3886;756
3887;463
3888;668
3889;858
3890;1010
3891;3232
3892;712
3893;4116
3894;525
3895;3646
3896;514
3897;638
3898;2927
3899;927
3900;886
3901;796
3902;800
3903;1654
3904;769
3905;726
3906;1138
3907;745
3908;1040
3909;564
3910;667
3911;816
3912;3666
3913;2968
3914;838
3915;635
3916;2809
3917;567
3918;599
3919;801
3920;531
3921;728
3922;4315
3923;3598
3924;610
3925;868
3926;768
3927;1742
3928;792
3929;813
3930;559
3931;890
3932;512
3933;1144
3934;513
3935;831
3936;646
3937;939
3938;873
3939;2264
3940;999
3941;732
3942;881
3943;667
3944;643
3945;627
3946;1418
3947;1656
3948;3648
3949;4150
3950;720
3951;534
3952;816
3953;2236
3954;1041
3955;1106
3956;4206
3957;3622
3958;741
3959;905
3960;484
3961;2566
3962;918
3963;487
3964;920
3965;2103
3966;742
3967;644
3968;738
3969;1978
3970;607
3971;1044
3972;839
3973;1762
3974;3777
3975;3901
3976;3153
3977;506
3978;448
3979;518
3980;607
3981;690
3982;515
3983;863
3984;869
3985;2287
3986;767
3987;1040
3988;1020
3989;1225
3990;665
3991;528
3992;653
3993;2600
3994;1533
3995;1110
3996;487
3997;892
3998;700
3999;1574
4000;667
4001;1003
4002;777
4003;878
4004;806
4005;652
4006;917
4007;477
4008;519
4009;1158
4010;2858
4011;981
4012;642
4013;2689
4014;799
4015;2494
4016;882
4017;990
4018;2737
4019;3429
4020;3187
4021;465
4022;480
4023;653
4024;687
4025;680
4026;491
4027;2770
4028;485
4029;2268
4030;1162
4031;558
4032;788
4033;3992
4034;3767
4035;3055
4036;486
4037;542
4038;2875
4039;3688
4040;2238
4041;4041
4042;729
4043;638
4044;3771
4045;2892
4046;521
4047;656
4048;480
4049;877
4050;3351
4051;854
4052;674
4053;2250
4054;663
4055;625
4056;789
4057;660
4058;825
4059;3306
4060;769
4061;899
4062;682
4063;760
4064;1844
4065;1253
4066;715
4067;1574
4068;995
4069;547
4070;968
4071;3465
4072;805
4073;586
4074;536
4075;3769
4076;1875
4077;1087
4078;2282
4079;1196
4080;1713
4081;2170
4082;455
4083;3803
4084;485
4085;517
4086;964
4087;3809
4088;4024
4089;432
4090;443
4091;524
4092;488
4093;2994
4094;3857
4095;2575
4096;448
4097;2503
4098;848
4099;1074
4100;496
4101;2037
4102;3372
4103;996
4104;1076
4105;1031
4106;809
4107;907
4108;650
4109;966
4110;857
4111;3118
4112;528
4113;3237
4114;807
4115;528
4116;685
4117;1036
4118;832
4119;1031
4120;657
4121;1887
4122;3922
4123;3977
4124;3619
4125;498
4126;932
4127;767
4128;3611
4129;969
4130;806
4131;956
4132;1044
4133;882
4134;1873
4135;2112
4136;4218
4137;702
4138;790
4139;3895
4140;905
4141;667
4142;2396
4143;497
4144;2462
4145;809
4146;2811
4147;2071
4148;568
4149;635
4150;472
4151;647
4152;968
4153;4273
4154;613
4155;617
4156;3814
4157;1027
4158;1144
4159;830
4160;729
4161;2766
4162;3571
4163;1067
4164;692
4165;3455
4166;2051
4167;539
4168;3124
4169;965
4170;3478
4171;782
4172;685
4173;848
4174;3702
4175;4055
4176;3103
4177;2528
4178;476
4179;477
4180;3007
4181;648
4182;525
4183;895
4184;779
4185;507
4186;2299
4187;3683
4188;1820
4189;502
4190;523
4191;3260
4192;853
4193;2641
4194;2840
4195;487
4196;3725
4197;511
4198;650
4199;1805
4200;1237
4201;553
4202;497
4203;992
4204;815
4205;856
4206;2904
4207;768
4208;847
4209;2411
4210;629
4211;2354
4212;3904
4213;1171
4214;3641
4215;4274
4216;1735
4217;4350
4218;712
4219;755
4220;638
4221;4281
4222;886
4223;621
4224;799
4225;1134
4226;747
4227;550
4228;1079
4229;877
4230;863
4231;485
4232;743
4233;762
4234;4256
4235;1090
4236;527
4237;620
4238;1035
4239;887
4240;1217
4241;2111
4242;640
4243;909
4244;779
4245;654
4246;922
4247;1965
4248;487
4249;2382
4250;1495
4251;2098
4252;472
4253;768
4254;478
4255;736
4256;3240
4257;1026
4258;572
4259;1141
4260;665
4261;2170
4262;968
4263;865
4264;3550
4265;478
4266;923
4267;679
4268;869
4269;641
4270;677
4271;818
4272;718
4273;1098
4274;754
4275;845
4276;766
4277;822
4278;4072
4279;862
4280;1066
4281;692
4282;835
4283;897
4284;677
4285;2927
4286;744
4287;780
4288;678
4289;1442
4290;1749
4291;1197
4292;594
4293;2756
4294;901
4295;706
4296;862
4297;2028
4298;535
4299;478
4300;807
4301;544
4302;864
4303;531
4304;1805
4305;548
4306;3696
4307;1089
4308;500
4309;638
4310;3635
4311;3108
4312;727
4313;806
4314;941
4315;742
4316;3333
4317;907
4318;903
4319;3037
4320;3336
4321;785
4322;3519
4323;472
4324;455
4325;2089
4326;1137
4327;706
4328;616
4329;2422
4330;637
4331;892
4332;442
4333;783
4334;861
4335;962
4336;832
4337;498
4338;639
4339;965
4340;899
4341;644
4342;1515
4343;798
4344;698
4345;3546
4346;1846
4347;3761
4348;442
4349;3629
4350;534
4351;527
4352;2502
4353;1048
4354;3006
4355;1136
4356;815
4357;2409
4358;1828
4359;939
4360;4238
4361;903
4362;2934
4363;556
4364;493
4365;486
4366;795
4367;816
4368;3376
4369;1115
4370;2020
4371;849
4372;837
4373;3364
4374;778
4375;1606
4376;531
4377;1719
4378;872
4379;3925
4380;1643
4381;4289
4382;2441
4383;455
4384;599
4385;3879
4386;876
4387;662
4388;848
4389;1938
4390;816
4391;650
4392;857
4393;2434
4394;4475
4395;458
4396;765
4397;2509
4398;2157
4399;728
4400;708
4401;854
4402;506
4403;868
4404;3814
4405;3619
4406;3871
4407;3926
4408;976
4409;725
4410;4405
4411;462
4412;2570
4413;1080
4414;3018
4415;500
4416;688
4417;951
4418;1901
4419;941
4420;494
4421;500
4422;505
4423;522
4424;3796
4425;490
4426;3193
4427;3031
4428;926
4429;3956
4430;915
4431;692
4432;568
4433;808
4434;3475
4435;934
4436;821
4437;512
4438;486
4439;538
4440;1999
4441;3085
4442;472
4443;662
4444;1033
4445;2427
4446;720
4447;794
4448;4004
4449;3515
4450;863
4451;1862
4452;466
4453;1926
4454;450
4455;733
4456;502
4457;824
4458;3767
4459;1068
4460;907
4461;453
4462;802
4463;785
4464;937
4465;480
4466;461
4467;781
4468;663
4469;533
4470;996
4471;723
4472;3464
4473;899
4474;1569
4475;514
4476;472
4477;532
4478;2988
4479;1605
4480;758
4481;3658
4482;627
4483;779
4484;559
4485;859
4486;703
4487;443
4488;771
4489;1825
4490;1082
4491;864
4492;1693
4493;1992
4494;530
4495;890
4496;2043
4497;856
4498;552
4499;1656
4500;1185
4501;507
4502;2537
4503;881
4504;2011
4505;3358
4506;887
4507;1017
4508;3520
4509;2199
4510;3229
4511;531
4512;682
4513;917
4514;3929
4515;630
4516;4050
4517;945
4518;3062
4519;992
4520;1136
4521;927
4522;895
4523;569
4524;626
4525;2177
4526;891
4527;479
4528;4008
4529;2727
4530;890
4531;772
4532;1621
4533;528
4534;3423
4535;2055
4536;892
4537;1983
4538;867
4539;627
4540;672
4541;688
4542;773
4543;969
4544;866
4545;3272
4546;1883
4547;478
4548;2557
4549;960
4550;843
4551;3527
4552;510
4553;884
4554;517
4555;2538
4556;1983
4557;650
4558;1016
4559;1170
4560;1016
4561;863
4562;868
4563;2050
4564;705
4565;4206
4566;3468
4567;3190
4568;832
4569;748
4570;943
4571;468
4572;477
4573;3182
4574;511
4575;2309
4576;879
4577;626
4578;3275
4579;694
4580;653
4581;1856
4582;552
4583;498
4584;576
4585;632
4586;469
4587;809
4588;828
4589;948
4590;641
4591;3542
4592;680
4593;504
4594;3215
4595;917
4596;703
4597;2219
4598;972
4599;841
4600;834
4601;726
4602;762
4603;2309
4604;552
4605;924
4606;914
4607;985
4608;871
4609;688
4610;902
4611;789
4612;628
4613;535
4614;939
4615;1976
4616;2854
4617;1105
4618;531
4619;2480
4620;864
4621;2283
4622;755
4623;2112
4624;2152
4625;732
4626;1802
4627;760
4628;977
4629;730
4630;907
4631;3879
4632;493
4633;2231
4634;3164
4635;1127
4636;870
4637;527
4638;822
4639;3363
4640;583
4641;689
4642;954
4643;4219
4644;571
4645;521
4646;3688
4647;2336
4648;1868
4649;644
4650;3652
4651;699
4652;2349
4653;2859
4654;1731
4655;945
4656;987
4657;456
4658;553
4659;4448
4660;934
4661;740
4662;766
4663;3534
4664;3007
4665;2354
4666;545
4667;592
4668;1034
4669;461
4670;682
4671;723
4672;1708
4673;2603
4674;474
4675;816
4676;1156
4677;3464
4678;3667
4679;536
4680;879
4681;854
4682;524
4683;837
4684;753
4685;618
4686;878
4687;704
4688;875
4689;3606
4690;433
4691;2405
4692;598
4693;710
4694;833
4695;748
4696;831
4697;716
4698;796
4699;1915
4700;500
4701;839
4702;3374
4703;777
4704;1603
4705;501
4706;3924
4707;3237
4708;3905
4709;602
4710;819
4711;477
4712;2396
4713;847
4714;908
4715;991
4716;679
4717;2852
4718;877
4719;807
4720;904
4721;2460
4722;507
4723;3691
4724;700
4725;896
4726;2248
4727;2783
4728;742
4729;758
4730;1135
4731;563
4732;1001
4733;1229
4734;542
4735;1080
4736;468
4737;4317
4738;1727
4739;638
4740;2159
4741;479
4742;634
4743;2596
4744;976
4745;3644
4746;486
4747;684
4748;2208
4749;1001
4750;3857
4751;754
4752;494
4753;1233
4754;481
4755;2219
4756;3453
4757;933
4758;4057
4759;3302
4760;3837
4761;508
4762;2454
4763;686
4764;832
4765;885
4766;2605
4767;1057
4768;3161
4769;1756
4770;928
4771;843
4772;513
4773;516
4774;3482
4775;819
4776;1509
4777;2473
4778;666
4779;746
4780;3848
4781;791
4782;887
4783;443
4784;773
4785;484
4786;2000
4787;821
4788;778
4789;502
4790;483
4791;3610
4792;2102
4793;790
4794;900
4795;845
4796;1772
4797;907
4798;1084
4799;685
4800;3243
4801;898
4802;1007
4803;535
4804;1179
4805;472
4806;623
4807;650
4808;545
4809;803
4810;703
4811;534
4812;859
4813;958
4814;689
4815;1509
4816;521
4817;2054
4818;789
4819;928
4820;4927
4821;487
4822;1210
4823;903
4824;465
4825;2402
4826;792
4827;4178
4828;815
4829;863
4830;3954
4831;513
4832;2065
4833;502
4834;4201
4835;3958
4836;519
4837;2254
4838;874
4839;956
4840;3830
4841;774
4842;657
4843;494
4844;541
4845;3181
4846;633
4847;3913
4848;3061
4849;3795
4850;3475
4851;3168
4852;999
4853;3356
4854;551
4855;523
4856;3726
4857;681
4858;663
4859;905
4860;1007
4861;2578
4862;1820
4863;1151
4864;585
4865;684
4866;542
4867;799
4868;558
4869;989
4870;761
4871;868
4872;694
4873;926
4874;776
4875;1008
4876;633
4877;953
4878;2602
4879;994
4880;1924
4881;896
4882;1036
4883;2982
4884;792
4885;780
4886;1126
4887;2718
4888;2408
4889;1318
4890;589
4891;3844
4892;902
4893;631
4894;3267
4895;695
4896;3791
4897;691
4898;3345
4899;1041
4900;537
4901;581
4902;1811
4903;748
4904;448
4905;770
4906;3837
4907;881
4908;872
4909;878
4910;3913
4911;482
4912;478
4913;989
4914;654
4915;2900
4916;2769
4917;3780
4918;746
4919;602
4920;3151
4921;4314
4922;496
4923;4018
4924;915
4925;511
4926;3040
4927;853
4928;635
4929;1075
4930;482
4931;731
4932;587
4933;3669
4934;808
4935;3044
4936;1224
4937;2015
4938;742
4939;475
4940;3445
4941;1236
4942;716
4943;652
4944;2896
4945;3187
4946;1002
4947;546
4948;997
4949;493
4950;822
4951;780
4952;1023
4953;662
4954;517
4955;786
4956;3287
4957;3289
4958;980
4959;1566
4960;3414
4961;888
4962;522
4963;1148
4964;521
4965;844
4966;488
4967;647
4968;2090
4969;695
4970;732
4971;4142
4972;709
4973;730
4974;731
4975;918
4976;645
4977;458
4978;596
4979;743
4980;863
4981;661
4982;862
4983;663
4984;524
4985;872
4986;979
4987;839
4988;2297
4989;709
4990;909
4991;873
4992;556
4993;1954
4994;777
4995;798
4996;936
4997;512
4998;2946
4999;2259
5000;4148
5001;528
5002;884
5003;699
5004;832
5005;1026
5006;2563
5007;596
5008;2402
5009;3129
5010;665
5011;717
5012;518
5013;872
5014;1021
5015;725
5016;831
5017;827
5018;2652
5019;618
5020;3576
5021;818
5022;495
5023;486
5024;3986
5025;478
5026;939
5027;572
5028;497
5029;792
5030;939
5031;528
5032;478
5033;1063
5034;855
5035;494
5036;855
5037;519
5038;2091
5039;2113
5040;1037
5041;534
5042;885
5043;2052
5044;909
5045;3044
5046;834
5047;3681
5048;1049
5049;788
5050;603
5051;480
5052;2269
5053;804
5054;3843
5055;1438
5056;513
5057;867
5058;535
5059;2588
5060;3339
5061;602
5062;871
5063;3797
5064;940
5065;2277
5066;1982
5067;519
5068;544
5069;1187
5070;2664
5071;478
5072;1886
5073;1033
5074;820
5075;1808
5076;1526
5077;858
5078;3019
5079;522
5080;674
5081;504
5082;502
5083;521
5084;806
5085;696
5086;875
5087;631
5088;2293
5089;839
5090;649
5091;2314
5092;876
5093;588
5094;1934
5095;3409
5096;592
5097;945
5098;3956
5099;638
5100;2057
5101;481
5102;948
5103;516
5104;630
5105;688
5106;1031
5107;526
5108;1129
5109;3918
5110;3169
5111;980
5112;659
5113;929
5114;819
5115;1130
5116;713
5117;718
5118;3785
5119;818
5120;865
5121;735
5122;500
5123;1919
5124;1152
5125;2430
5126;1042
5127;482
5128;663
5129;2532
5130;3785
5131;1898
5132;476
5133;581
5134;1009
5135;1180
5136;705
5137;664
5138;4474
5139;5223
5140;1248
5141;543
5142;648
5143;583
5144;1865
5145;706
5146;827
5147;935
5148;731
5149;2375
5150;698
5151;995
5152;1682
5153;859
5154;2233
5155;3168
5156;539
5157;1124
5158;2389
5159;514
5160;3268
5161;485
5162;792
5163;4109
5164;613
5165;920
5166;783
5167;481
5168;2513
5169;472
5170;2414
5171;451
5172;481
5173;3958
5174;572
5175;724
5176;732
5177;739
5178;624
5179;617
5180;505
5181;2902
5182;4336
5183;645
5184;2010
5185;671
5186;978
5187;929
5188;1095
5189;514
5190;686
5191;3177
5192;717
5193;801
5194;918
5195;3266
5196;3651
5197;512
5198;915
5199;488
5200;842
5201;854
5202;663
5203;709
5204;601
5205;843
5206;993
5207;483
5208;696
5209;2733
5210;689
5211;927
5212;3155
5213;2288
5214;3020
5215;873
5216;3265
5217;2310
5218;684
5219;906
5220;492
5221;888
5222;2168
5223;3797
5224;786
5225;650
5226;893
5227;478
5228;2897
5229;1060
5230;3341
5231;746
5232;814
5233;3519
5234;487
5235;499
5236;3380
5237;737
5238;1082
5239;890
5240;938
5241;2322
5242;980
5243;841
5244;2269
5245;824
5246;721
5247;3390
5248;845
5249;2231
5250;1957
5251;680
5252;800
5253;3274
5254;530
5255;4021
5256;467
5257;530
5258;1148
5259;1758
5260;2915
5261;450
5262;3322
5263;519
5264;515
5265;3081
5266;1055
5267;811
5268;923
5269;722
5270;388
5271;479
5272;764
5273;503
5274;821
5275;820
5276;727
5277;910
5278;847
5279;962
5280;3922
5281;716
5282;669
5283;795
5284;889
5285;3600
5286;518
5287;1051
5288;699
5289;1833
5290;795
5291;678
5292;2170
5293;3381
5294;4092
5295;2395
5296;756
5297;667
5298;668
5299;489
5300;922
5301;531
5302;915
5303;3369
5304;814
5305;462
5306;3524
5307;1083
5308;644
5309;2735
5310;2643
5311;813
5312;645
5313;770
5314;643
5315;1127
5316;1008
5317;3128
5318;859
5319;1039
5320;4111
5321;823
5322;2346
5323;4024
5324;884
5325;489
5326;2030
5327;473
5328;649
5329;3266
5330;848
5331;682
5332;3753
5333;639
5334;3366
5335;2402
5336;915
5337;3712
5338;1478
5339;961
5340;1801
5341;2474
5342;517
5343;670
5344;3701
5345;1067
5346;984
5347;4339
5348;1494
5349;657
5350;1000
5351;996
5352;1114
5353;508
5354;1030
5355;490
5356;2266
5357;688
5358;784
5359;934
5360;825
5361;666
5362;700
5363;628
5364;967
5365;3401
5366;922
5367;705
5368;879
5369;750
5370;838
5371;1861
5372;488
5373;3713
5374;2392
5375;639
5376;3869
5377;997
5378;888
5379;953
5380;878
5381;592
5382;2040
5383;720
5384;663
5385;2762
5386;503
5387;3038
5388;743
5389;611
5390;891
5391;1810
5392;495
5393;1007
5394;617
5395;877
5396;3712
5397;685
5398;690
5399;516
5400;973
5401;632
5402;3144
5403;705
5404;2349
5405;888
5406;864
5407;716
5408;664
5409;785
5410;660
5411;2813
5412;2933
5413;999
5414;2085
5415;646
5416;3695
5417;845
5418;477
5419;992
5420;2894
5421;813
5422;3145
5423;1065
5424;995
5425;1109
5426;645
5427;1750
5428;3323
5429;838
5430;771
5431;837
5432;766
5433;662
5434;810
5435;3836
5436;855
5437;3927
5438;2644
5439;693
5440;1849
5441;1985
5442;874
5443;701
5444;866
5445;1070
5446;472
5447;2037
5448;2536
5449;531
5450;631
5451;631
5452;3875
5453;834
5454;689
5455;776
5456;682
5457;842
5458;587
5459;1205
5460;817
5461;619
5462;1975
5463;521
5464;704
5465;489
5466;803
5467;812
5468;897
5469;1902
5470;468
5471;551
5472;902
5473;767
5474;851
5475;3487
5476;548
5477;830
5478;884
5479;3527
5480;516
5481;1009
5482;1131
5483;921
5484;1175
5485;3447
5486;509
5487;579
5488;2565
5489;731
5490;839
5491;1019
5492;685
5493;629
5494;3076
5495;1971
5496;666
5497;1705
5498;981
5499;492
5500;493
5501;1842
5502;891
5503;3836
5504;888
5505;933
5506;1195
5507;642
5508;778
5509;3203
5510;767
5511;1040
5512;659
5513;762
5514;1662
5515;2454
5516;2012
5517;807
5518;558
5519;2024
5520;3341
5521;946
5522;3138
5523;528
5524;2177
5525;1642
5526;777
5527;3632
5528;699
5529;919
5530;485
5531;3688
5532;513
5533;932
5534;3753
5535;677
5536;539
5537;493
5538;823
5539;671
5540;625
5541;846
5542;3512
5543;3777
5544;860
5545;634
5546;958
5547;2055
5548;512
5549;688
5550;657
5551;793
5552;2116
5553;1373
5554;3925
5555;466
5556;1060
5557;661
5558;1073
5559;873
5560;1778
5561;1094
5562;3738
5563;1989
5564;693
5565;561
5566;608
5567;4041
5568;519
5569;902
5570;2066
5571;669
5572;884
5573;793
5574;874
5575;646
5576;878
5577;1473
5578;998
5579;843
5580;450
5581;977
5582;2341
5583;2097
5584;548
5585;2010
5586;976
5587;779
5588;879
5589;664
5590;3070
5591;697
5592;2228
5593;529
5594;972
5595;543
5596;587
5597;724
5598;1075
5599;3754
5600;441
5601;1053
5602;510
5603;686
5604;473
5605;928
5606;487
5607;967
5608;947
5609;770
5610;3550
5611;3350
5612;656
5613;826
5614;2168
5615;645
5616;597
5617;462
5618;1077
5619;1540
5620;1160
5621;4263
5622;1078
5623;890
5624;590
5625;919
5626;574
5627;878
5628;592
5629;2088
5630;1138
5631;675
5632;707
5633;1098
5634;663
5635;766
5636;779
5637;4430
5638;4806
5639;887
5640;608
5641;1067
5642;518
5643;931
5644;2641
5645;2017
5646;478
5647;3596
5648;469
5649;758
5650;1811
5651;3710
5652;1934
5653;479
5654;1951
5655;903
5656;720
5657;854
5658;1161
5659;1974
5660;540
5661;787
5662;3178
5663;553
5664;581
5665;757
5666;4078
5667;997
5668;3658
5669;586
5670;2898
5671;806
5672;2900
5673;948
5674;2353
5675;2795
5676;684
5677;489
5678;2276
5679;533
5680;861
5681;796
5682;593
5683;2965
5684;1089
5685;2872
5686;770
5687;1008
5688;517
5689;804
5690;1005
5691;449
5692;3529
5693;693
5694;1029
5695;2573
5696;4264
5697;3515
5698;721
5699;697
5700;683
5701;671
5702;1112
5703;812
5704;651
5705;686
5706;656
5707;3252
5708;2511
5709;591
5710;852
5711;645
5712;1133
5713;3927
5714;645
5715;569
5716;884
5717;515
5718;3872
5719;2047
5720;838
5721;2417
5722;979
5723;844
5724;1585
5725;820
5726;867
5727;995
5728;2123
5729;888
5730;828
5731;608
5732;920
5733;500
5734;680
5735;736
5736;652
5737;4022
5738;2207
5739;2205
5740;496
5741;3994
5742;2102
5743;493
5744;755
5745;830
5746;2175
5747;2900
5748;2226
5749;906
5750;573
5751;963
5752;2552
5753;683
5754;473
5755;631
5756;2565
5757;1042
5758;772
5759;3831
5760;2472
5761;1141
5762;695
5763;980
5764;2483
5765;710
5766;3507
5767;850
5768;813
5769;4144
5770;1169
5771;3806
5772;1182
5773;754
5774;869
5775;482
5776;988
5777;2460
5778;971
5779;510
5780;788
5781;778
5782;910
5783;514
5784;787
5785;1210
5786;695
5787;784
5788;805
5789;1055
5790;1953
5791;860
5792;2763
5793;3067
5794;669
5795;575
5796;1030
5797;1896
5798;2303
5799;1102
5800;674
5801;2939
5802;2047
5803;751
5804;539
5805;638
5806;1385
5807;1145
5808;688
5809;726
5810;523
5811;766
5812;2092
5813;622
5814;593
5815;970
5816;771
5817;866
5818;741
5819;956
5820;684
5821;981
5822;654
5823;762
5824;3500
5825;845
5826;730
5827;504
5828;2253
5829;2270
5830;2971
5831;638
5832;3207
5833;721
5834;1195
5835;854
5836;1161
5837;2662
5838;496
5839;975
5840;3474
5841;690
5842;550
5843;3116
5844;1001
5845;3816
5846;3673
5847;2253
5848;4104
5849;626
5850;3664
5851;4276
5852;1026
5853;1090
5854;843
5855;958
5856;936
5857;656
5858;960
5859;545
5860;504
5861;877
5862;697
5863;571
5864;708
5865;932
5866;3369
5867;857
5868;1251
5869;809
5870;3552
5871;947
5872;2463
5873;668
5874;2278
5875;503
5876;639
5877;864
5878;2260
5879;2215
5880;1768
5881;3341
5882;3861
5883;2191
5884;470
5885;1035
5886;646
5887;3456
5888;1036
5889;670
5890;689
5891;3824
5892;1104
5893;677
5894;3544
5895;572
5896;867
5897;782
5898;990
5899;1938
5900;2698
5901;862
5902;817
5903;2398
5904;2543
5905;877
5906;786
5907;767
5908;2920
5909;647
5910;699
5911;2872
5912;2107
5913;684
5914;493
5915;706
5916;826
5917;764
5918;640
5919;2605
5920;744
5921;3412
5922;1869
5923;790
5924;500
5925;3973
5926;550
5927;508
5928;876
5929;648
5930;700
5931;3137
5932;1057
5933;900
5934;514
5935;878
5936;2923
5937;2094
5938;807
5939;664
5940;3309
5941;835
5942;817
5943;790
5944;796
5945;927
5946;3002
5947;741
5948;2842
5949;2281
5950;894
5951;3894
5952;3304
5953;2627
5954;825
5955;830
5956;777
5957;510
5958;2562
5959;827
5960;729
5961;4350
5962;646
5963;1577
5964;2944
5965;1057
5966;839
5967;1105
5968;4031
5969;699
5970;1362
5971;4110
5972;3555
5973;3986
5974;606
5975;2395
5976;3202
5977;568
5978;3646
5979;3057
5980;1061
5981;602
5982;462
5983;3152
5984;640
5985;868
5986;931
5987;717
5988;629
5989;921
5990;2068
5991;3769
5992;519
5993;649
5994;801
5995;1055
5996;2244
5997;2341
5998;481
5999;1927
6000;1052
6001;1773
6002;3353
6003;2120
6004;3264
6005;1743
6006;480
6007;694
6008;3562
6009;3728
6010;439
6011;613
6012;946
6013;433
6014;470
6015;681
6016;467
6017;3222
6018;876
6019;1118
6020;573
6021;707
6022;352
6023;1953
6024;850
6025;961
6026;3921
6027;975
6028;2005
6029;784
6030;665
6031;3605
6032;3119
6033;3688
6034;3227
6035;1068
6036;527
6037;997
6038;508
6039;2033
6040;864
6041;744
6042;651
6043;888
6044;1721
6045;758
6046;563
6047;3905
6048;3680
6049;3932
6050;657
6051;499
6052;787
6053;883
6054;2828
6055;836
6056;824
6057;882
6058;2289
6059;844
6060;1002
6061;767
6062;1850
6063;913
6064;814
6065;509
6066;1082
6067;926
6068;3097
6069;3473
6070;1099
6071;817
6072;2756
6073;858
6074;804
6075;893
6076;4065
6077;813
6078;483
6079;496
6080;937
6081;696
6082;3235
6083;3922
6084;475
6085;655
6086;651
6087;880
6088;773
6089;2417
6090;569
6091;3426
6092;2181
6093;501
6094;989
6095;609
6096;862
6097;4288
6098;658
6099;4182
6100;486
6101;906
6102;1394
6103;985
6104;551
6105;488
6106;902
6107;3389
6108;3414
6109;2546
6110;503
6111;782
6112;739
6113;538
6114;1003
6115;491
6116;1118
6117;632
6118;793
6119;971
6120;2745
6121;516
6122;2228
6123;1109
6124;841
6125;851
6126;707
6127;3109
6128;659
6129;959
6130;559
6131;790
6132;3758
6133;878
6134;2202
6135;789
6136;737
6137;858
6138;482
6139;1088
6140;570
6141;724
6142;3935
6143;2283
6144;820
6145;3470
6146;2174
6147;2585
6148;697
6149;1646
6150;1052
6151;2195
6152;493
6153;2884
6154;2947
6155;903
6156;551
6157;3662
6158;925
6159;2104
6160;1261
6161;4063
6162;2782
6163;4128
6164;4279
6165;1073
6166;792
6167;3970
6168;726
6169;3070
6170;741
6171;513
6172;1047
6173;3597
6174;881
6175;1601
6176;479
6177;740
6178;3844
6179;917
6180;562
6181;764
6182;1831
6183;448
6184;434
6185;928
6186;476
6187;1177
6188;2326
6189;3719
6190;791
6191;1115
6192;664
6193;2231
6194;1890
6195;2279
6196;809
6197;2310
6198;804
6199;728
6200;2778
6201;1068
6202;804
6203;500
6204;466
6205;3803
6206;964
6207;827
6208;648
6209;653
6210;896
6211;860
6212;868
6213;2268
6214;496
6215;906
6216;1996
6217;593
6218;550
6219;1068
6220;471
6221;2094
6222;836
6223;2124
6224;514
6225;634
6226;2025
6227;2897
6228;704
6229;3913
6230;502
6231;4261
6232;694
6233;683
6234;650
6235;679
6236;2486
6237;510
6238;3438
6239;560
6240;1971
6241;2251
6242;1995
6243;1901
6244;2860
6245;3099
6246;3349
6247;522
6248;486
6249;3667
6250;3990
6251;3492
6252;688
6253;1098
6254;732
6255;595
6256;844
6257;2529
6258;2172
6259;2610
6260;972
6261;763
6262;1088
6263;2149
6264;896
6265;3513
6266;4008
6267;847
6268;1076
6269;644
6270;746
6271;577
6272;3574
6273;932
6274;683
6275;735
6276;656
6277;936
6278;717
6279;1073
6280;1024
6281;3929
6282;534
6283;627
6284;769
6285;692
6286;854
6287;664
6288;516
6289;838
6290;920
6291;677
6292;2264
6293;814
6294;3891
6295;3500
6296;2699
6297;799
6298;3697
6299;4037
6300;921
6301;2960
6302;1931
6303;982
6304;502
6305;4241
6306;1090
6307;801
6308;978
6309;3067
6310;1005
6311;645
6312;554
6313;4366
6314;634
6315;660
6316;672
6317;2356
6318;812
6319;1003
6320;3769
6321;2200
6322;1081
6323;1139
6324;3854
6325;491
6326;465
6327;3815
6328;519
6329;922
6330;1045
6331;517
6332;965
6333;896
6334;882
6335;3942
6336;480
6337;2474
6338;746
6339;923
6340;1019
6341;511
6342;3057
6343;1118
6344;2552
6345;3459
6346;3567
6347;764
6348;711
6349;4128
6350;482
6351;407
6352;526
6353;1091
6354;841
6355;915
6356;646
6357;1141
6358;821
6359;3758
6360;1744
6361;1479
6362;606
6363;876
6364;3716
6365;477
6366;529
6367;651
6368;3827
6369;880
6370;894
6371;659
6372;3646
6373;988
6374;1061
6375;1014
6376;776
6377;3848
6378;974
6379;462
6380;3744
6381;811
6382;1602
6383;1994
6384;2436
6385;818
6386;4209
6387;617
6388;2097
6389;3300
6390;3974
6391;3646
6392;708
6393;3368
6394;622
6395;588
6396;806
6397;498
6398;601
6399;778
6400;2769
6401;863
6402;824
6403;904
6404;892
6405;2515
6406;646
6407;1134
6408;3938
6409;1689
6410;1649
6411;895
6412;696
6413;817
6414;732
6415;700
6416;914
6417;537
6418;2787
6419;1028
6420;2506
6421;742
6422;4784
6423;934
6424;501
6425;644
6426;4300
6427;649
6428;609
6429;652
6430;559
6431;506
6432;1091
6433;3599
6434;729
6435;540
6436;909
6437;918
6438;789
6439;878
6440;2162
6441;1041
6442;1940
6443;1990
6444;723
6445;1988
6446;3202
6447;960
6448;3426
6449;694
6450;1037
6451;763
6452;2289
6453;2366
6454;4298
6455;820
6456;1380
6457;509
6458;1058
6459;497
6460;633
6461;2079
6462;1120
6463;823
6464;492
6465;3514
6466;1964
6467;1583
6468;4171
6469;1060
6470;466
6471;2197
6472;716
6473;570
6474;986
6475;474
6476;803
6477;503
6478;498
6479;4403
6480;2478
6481;3617
6482;3331
6483;678
6484;846
6485;582
6486;1058
6487;546
6488;1047
6489;2032
6490;1021
6491;2593
6492;3810
6493;628
6494;917
6495;711
6496;990
6497;512
6498;484
6499;853
6500;1468
6501;544
6502;597
6503;3916
6504;3715
6505;3855
6506;510
6507;741
6508;500
6509;3715
6510;1028
6511;3753
6512;3973
6513;3976
6514;960
6515;711
6516;665
6517;646
6518;2169
6519;656
6520;748
6521;1094
6522;2102
6523;938
6524;683
6525;3512
6526;757
6527;946
6528;650
6529;3247
6530;3603
6531;4160
6532;4290
6533;879
6534;3868
6535;2444
6536;3479
6537;927
6538;514
6539;2985
6540;2221
6541;1195
6542;2263
6543;1719
6544;790
6545;938
6546;1806
6547;1012
6548;871
6549;775
6550;799
6551;2140
6552;2495
6553;844
6554;646
6555;924
6556;966
6557;426
6558;3131
6559;892
6560;670
6561;2609
6562;548
6563;747
6564;889
6565;748
6566;368
6567;765
6568;2537
6569;1021
6570;521
6571;540
6572;642
6573;3343
6574;581
6575;781
6576;4246
6577;3330
6578;3861
6579;920
6580;729
6581;3155
6582;472
6583;828
6584;524
6585;3686
6586;450
6587;1953
6588;506
6589;2000
6590;750
6591;2981
6592;2354
6593;1637
6594;3900
6595;462
6596;2420
6597;3664
6598;1003
6599;579
6600;3555
6601;682
6602;600
6603;713
6604;795
6605;3905
6606;1995
6607;804
6608;861
6609;584
6610;1570
6611;3494
6612;931
6613;949
6614;3093
6615;488
6616;1898
6617;460
6618;803
6619;2227
6620;825
6621;3993
6622;617
6623;686
6624;1605
6625;2435
6626;834
6627;3655
6628;2244
6629;1073
6630;1011
6631;486
6632;434
6633;1175
6634;810
6635;531
6636;3603
6637;1006
6638;1060
6639;1344
6640;2157
6641;702
6642;2102
6643;708
6644;738
6645;1633
6646;1027
6647;649
6648;946
6649;570
6650;655
6651;3326
6652;496
6653;684
6654;626
6655;788
6656;942
6657;785
6658;670
6659;903
6660;813
6661;2087
6662;547
6663;758
6664;3358
6665;613
6666;691
6667;670
6668;700
6669;451
6670;3503
6671;823
6672;2673
6673;3868
6674;1548
6675;925
6676;1886
6677;4188
6678;1065
6679;485
6680;1955
6681;750
6682;3218
6683;1069
6684;652
6685;3792
6686;756
6687;790
6688;1124
6689;933
6690;665
6691;862
6692;814
6693;3783
6694;979
6695;832
6696;1607
6697;549
6698;796
6699;764
6700;774
6701;669
6702;555
6703;624
6704;3195
6705;870
6706;1837
6707;920
6708;775
6709;3515
6710;994
6711;3592
6712;924
6713;942
6714;2069
6715;2115
6716;833
6717;1916
6718;2615
6719;1862
6720;864
6721;818
6722;864
6723;664
6724;4361
6725;3852
6726;555
6727;3300
6728;1011
6729;615
6730;833
6731;4278
6732;3572
6733;853
6734;3718
6735;853
6736;874
6737;1968
6738;759
6739;526
6740;486
6741;547
6742;871
6743;502
6744;656
6745;1113
6746;581
6747;939
6748;2006
6749;2289
6750;652
6751;2940
6752;723
6753;618
6754;510
6755;623
6756;2408
6757;681
6758;2626
6759;534
6760;3897
6761;606
6762;900
6763;644
6764;3452
6765;523
6766;1115
6767;645
6768;593
6769;2517
6770;865
6771;716
6772;495
6773;942
6774;1085
6775;3152
6776;566
6777;640
6778;2206
6779;488
6780;3538
6781;811
6782;858
6783;966
6784;716
6785;896
6786;2971
6787;3659
6788;654
6789;1034
6790;3632
6791;820
6792;566
6793;958
6794;603
6795;940
6796;1346
6797;840
6798;3278
6799;611
6800;887
6801;863
6802;628
6803;1058
6804;915
6805;651
6806;2990
6807;664
6808;994
6809;2313
6810;863
6811;538
6812;868
6813;709
6814;467
6815;2049
6816;4336
6817;454
6818;881
6819;576
6820;2786
6821;671
6822;557
6823;1663
6824;925
6825;2862
6826;903
6827;948
6828;934
6829;798
6830;2666
6831;849
6832;1171
6833;2182
6834;3642
6835;517
6836;448
6837;3400
6838;499
6839;2304
6840;916
6841;974
6842;3853
6843;4065
6844;843
6845;653
6846;614
6847;499
6848;919
6849;642
6850;1082
6851;1000
6852;2254
6853;806
6854;3899
6855;482
6856;1118
6857;1988
6858;473
6859;4031
6860;2433
6861;2444
6862;626
6863;816
6864;2006
6865;3777
6866;483
6867;786
6868;865
6869;3341
6870;896
6871;520
6872;1748
6873;660
6874;829
6875;492
6876;3371
6877;554
6878;822
6879;4112
6880;716
6881;3374
6882;2531
6883;524
6884;457
6885;944
6886;508
6887;2363
6888;804
6889;859
6890;3924
6891;3724
6892;640
6893;771
6894;3100
6895;835
6896;530
6897;2572
6898;666
6899;3889
6900;648
6901;976
6902;638
6903;577
6904;2315
6905;2028
6906;2055
6907;488
6908;825
6909;3480
6910;813
6911;480
6912;802
6913;935
6914;720
6915;695
6916;821
6917;902
6918;619
6919;869
6920;916
6921;874
6922;536
6923;886
6924;811
6925;822
6926;770
6927;2470
6928;1924
6929;886
6930;3490
6931;463
6932;788
6933;774
6934;467
6935;660
6936;2715
6937;520
6938;2040
6939;1017
6940;867
6941;880
6942;1999
6943;799
6944;814
6945;1630
6946;499
6947;3077
6948;919
6949;1016
6950;3731
6951;1901
6952;1005
6953;605
6954;3579
6955;620
6956;322
6957;717
6958;811
6959;982
6960;761
6961;1027
6962;702
6963;3342
6964;705
6965;773
6966;1925
6967;505
6968;447
6969;995
6970;882
6971;746
6972;788
6973;2855
6974;754
6975;4695
6976;917
6977;518
6978;645
6979;750
6980;781
6981;3121
6982;3335
6983;2262
6984;3170
6985;4432
6986;693
6987;939
6988;639
6989;1005
6990;693
6991;623
6992;772
6993;2867
6994;620
6995;507
6996;494
6997;891
6998;896
6999;819
7000;1085
7001;3148
7002;873
7003;654
7004;2316
7005;633
7006;475
7007;643
7008;830
7009;2058
7010;886
7011;2777
7012;1727
7013;626
7014;2228
7015;3417
7016;3523
7017;932
7018;975
7019;855
7020;944
7021;505
7022;2105
7023;412
7024;923
7025;1062
7026;873
7027;575
7028;634
7029;1066
7030;802
7031;807
7032;750
7033;1473
7034;822
7035;883
7036;838
7037;948
7038;3797
7039;744
7040;1049
7041;914
7042;3827
7043;857
7044;907
7045;599
7046;2823
7047;2600
7048;715
7049;1319
7050;1005
7051;514
7052;875
7053;2687
7054;3623
7055;799
7056;2039
7057;909
7058;858
7059;796
7060;2330
7061;2928
7062;2975
7063;1007
7064;3605
7065;967
7066;664
7067;803
7068;881
7069;3186
7070;512
7071;2292
7072;763
7073;956
7074;543
7075;489
7076;810
7077;995
7078;3428
7079;746
7080;758
7081;479
7082;734
7083;950
7084;3831
7085;522
7086;4592
7087;802
7088;640
7089;1854
7090;456
7091;914
7092;907
7093;848
7094;518
7095;1612
7096;677
7097;744
7098;989
7099;565
7100;732
7101;2737
7102;514
7103;1191
7104;434
7105;2907
7106;744
7107;772
7108;2054
7109;939
7110;802
7111;578
7112;551
7113;3662
7114;647
7115;531
7116;755
7117;3387
7118;2242
7119;3276
7120;509
7121;1982
7122;3901
7123;559
7124;616
7125;4153
7126;530
7127;878
7128;4127
7129;4324
7130;679
7131;3512
7132;579
7133;480
7134;4162
7135;2889
7136;615
7137;796
7138;3059
7139;725
7140;849
7141;791
7142;837
7143;791
7144;890
7145;777
7146;470
7147;527
7148;2167
7149;647
7150;2290
7151;713
7152;460
7153;672
7154;3160
7155;702
7156;892
7157;833
7158;706
7159;866
7160;813
7161;669
7162;710
7163;2081
7164;851
7165;900
7166;1062
7167;752
7168;863
7169;739
7170;827
7171;2408
7172;2102
7173;2746
7174;841
7175;3164
7176;629
7177;792
7178;812
7179;887
7180;638
7181;874
7182;3335
7183;1017
7184;2451
7185;788
7186;3460
7187;2258
7188;833
7189;549
7190;718
7191;777
7192;4326
7193;898
7194;505
7195;1753
7196;520
7197;792
7198;677
7199;644
7200;1884
7201;494
7202;477
7203;3346
7204;914
7205;2401
7206;4614
7207;2845
7208;808
7209;517
7210;870
7211;690
7212;813
7213;1162
7214;670
7215;641
7216;504
7217;2408
7218;965
7219;2145
7220;785
7221;574
7222;843
7223;3426
7224;3412
7225;1067
7226;993
7227;1013
7228;465
7229;2350
7230;492
7231;1694
7232;859
7233;805
7234;1860
7235;3295
7236;817
7237;807
7238;555
7239;2198
7240;1017
7241;911
7242;2414
7243;662
7244;715
7245;676
7246;1056
7247;4132
7248;4319
7249;645
7250;856
7251;738
7252;3508
7253;1088
7254;689
7255;771
7256;482
7257;630
7258;2058
7259;901
7260;951
7261;2127
7262;3026
7263;538
7264;991
7265;532
7266;953
7267;509
7268;822
7269;573
7270;760
7271;667
7272;3411
7273;891
7274;531
7275;521
7276;3757
7277;3506
7278;607
7279;498
7280;526
7281;856
7282;1145
7283;548
7284;549
7285;2203
7286;493
7287;2398
7288;534
7289;841
7290;1129
7291;640
7292;2013
7293;694
7294;3810
7295;534
7296;1717
7297;493
7298;977
7299;752
7300;2087
7301;634
7302;474
7303;1591
7304;1956
7305;997
7306;3270
7307;4205
7308;474
7309;3866
7310;929
7311;755
7312;810
7313;4027
7314;1669
7315;1323
7316;1797
7317;1260
7318;3264
7319;663
7320;461
7321;2468
7322;889
7323;501
7324;1930
7325;518
7326;862
7327;2298
7328;4000
7329;608
7330;3726
7331;586
7332;980
7333;803
7334;3424
7335;3819
7336;987
7337;784
7338;729
7339;2887
7340;3072
7341;3656
7342;780
7343;1909
7344;704
7345;820
7346;744
7347;4101
7348;1182
7349;514
7350;1157
7351;754
7352;4281
7353;509
7354;1126
7355;711
7356;684
7357;3136
7358;3053
7359;2055
7360;716
7361;2798
7362;857
7363;953
7364;736
7365;1131
7366;2400
7367;606
7368;808
7369;636
7370;1036
7371;2011
7372;781
7373;501
7374;678
7375;3470
7376;706
7377;551
7378;1048
7379;783
7380;814
7381;2316
7382;811
7383;505
7384;944
7385;908
7386;2974
7387;976
7388;746
7389;498
7390;1049
7391;3260
7392;3757
7393;920
7394;1736
7395;2257
7396;860
7397;1093
7398;3693
7399;802
7400;842
7401;1009
7402;1255
7403;966
7404;536
7405;522
7406;3907
7407;526
7408;850
7409;858
7410;789
7411;3392
7412;838
7413;846
7414;3604
7415;4408
7416;1120
7417;525
7418;665
7419;696
7420;991
7421;757
7422;3373
7423;1756
7424;569
7425;667
7426;3099
7427;917
7428;647
7429;704
7430;471
7431;2079
7432;680
7433;440
7434;702
7435;832
7436;528
7437;995
7438;919
7439;2049
7440;2271
7441;575
7442;2624
7443;2186
7444;673
7445;2815
7446;3785
7447;1175
7448;641
7449;853
7450;3604
7451;4372
7452;475
7453;893
7454;1088
7455;497
7456;1593
7457;3743
7458;799
7459;846
7460;856
7461;781
7462;3231
7463;941
7464;854
7465;745
7466;727
7467;1423
7468;3941
7469;541
7470;702
7471;821
7472;2558
7473;787
7474;705
7475;2205
7476;508
7477;897
7478;774
7479;848
7480;3837
7481;670
7482;517
7483;649
7484;936
7485;4373
7486;822
7487;3010
7488;3433
7489;877
7490;2980
7491;925
7492;666
7493;974
7494;3877
7495;660
7496;3897
7497;555
7498;874
7499;647
7500;984
7501;2524
7502;684
7503;1311
7504;759
7505;476
7506;528
7507;2168
7508;502
7509;1096
7510;696
7511;450
7512;910
7513;812
7514;626
7515;671
7516;727
7517;1110
7518;1191
7519;2263
7520;1054
7521;475
7522;1931
7523;1148
7524;2020
7525;3913
7526;3370
7527;702
7528;677
7529;2919
7530;519
7531;2882
7532;3259
7533;1054
7534;479
7535;844
7536;871
7537;545
7538;955
7539;758
7540;3017
7541;512
7542;553
7543;3139
7544;3519
7545;981
7546;3275
7547;3201
7548;1130
7549;691
7550;536
7551;898
7552;977
7553;3487
7554;675
7555;854
7556;701
7557;1036
7558;1090
7559;3168
7560;2224
7561;554
7562;2543
7563;2221
7564;817
7565;671
7566;861
7567;2488
7568;656
7569;810
7570;1169
7571;3990
7572;2781
7573;507
7574;2123
7575;1008
7576;660
7577;2541
7578;963
7579;3270
7580;1145
7581;607
7582;923
7583;4002
7584;802
7585;484
7586;816
7587;944
7588;3173
7589;798
7590;801
7591;665
7592;775
7593;2057
7594;975
7595;1024
7596;3905
7597;1071
7598;2583
7599;694
7600;371
7601;547
7602;2298
7603;2299
7604;810
7605;959
7606;511
7607;557
7608;747
7609;2200
7610;520
7611;488
7612;781
7613;477
7614;943
7615;840
7616;1036
7617;1001
7618;863
7619;614
7620;707
7621;3536
7622;788
7623;3928
7624;935
7625;768
7626;3542
7627;2033
7628;469
7629;1099
7630;798
7631;893
7632;910
7633;751
7634;538
7635;704
7636;969
7637;2444
7638;871
7639;389
7640;836
7641;464
7642;3239
7643;503
7644;2002
7645;3148
7646;474
7647;476
7648;639
7649;859
7650;838
7651;4263
7652;874
7653;676
7654;757
7655;2999
7656;3821
7657;816
7658;1229
7659;2590
7660;613
7661;1027
7662;615
7663;3561
7664;824
7665;524
7666;1275
7667;479
7668;2390
7669;795
7670;600
7671;599
7672;637
7673;866
7674;986
7675;895
7676;4424
7677;843
7678;3323
7679;2752
7680;856
7681;913
7682;3240
7683;789
7684;750
7685;556
7686;1488
7687;2150
7688;1021
7689;937
7690;517
7691;2839
7692;801
7693;3087
7694;560
7695;830
7696;519
7697;770
7698;633
7699;3009
7700;910
7701;638
7702;798
7703;475
7704;3660
7705;2273
7706;4124
7707;1723
7708;530
7709;714
7710;1115
7711;996
7712;1116
7713;534
7714;988
7715;530
7716;1095
7717;775
7718;860
7719;485
7720;3345
7721;923
7722;638
7723;740
7724;1058
7725;1098
7726;950
7727;1527
7728;2004
7729;711
7730;2709
7731;1046
7732;994
7733;1114
7734;783
7735;3877
7736;3010
7737;3416
7738;3569
7739;641
7740;1021
7741;956
7742;978
7743;521
7744;522
7745;3361
7746;760
7747;701
7748;930
7749;487
7750;3388
7751;4168
7752;670
7753;590
7754;3331
7755;3731
7756;3845
7757;1111
7758;516
7759;878
7760;794
7761;1024
7762;1072
7763;2465
7764;790
7765;991
7766;2107
7767;1512
7768;912
7769;3444
7770;2958
7771;500
7772;2784
7773;701
7774;3148
7775;611
7776;868
7777;532
7778;1966
7779;826
7780;800
7781;449
7782;2161
7783;4062
7784;3663
7785;607
7786;893
7787;665
7788;2215
7789;503
7790;740
7791;3579
7792;759
7793;851
7794;941
7795;769
7796;1759
7797;708
7798;965
7799;918
7800;3927
7801;907
7802;444
7803;481
7804;457
7805;629
7806;544
7807;2128
7808;1170
7809;2828
7810;685
7811;3924
7812;635
7813;839
7814;2669
7815;441
7816;1076
7817;903
7818;564
7819;758
7820;1110
7821;919
7822;701
7823;685
7824;795
7825;904
7826;2039
7827;3842
7828;1057
7829;699
7830;692
7831;1007
7832;3432
7833;834
7834;1395
7835;3866
7836;533
7837;3497
7838;475
7839;816
7840;710
7841;787
7842;470
7843;736
7844;698
7845;1004
7846;724
7847;751
7848;1689
7849;515
7850;1268
7851;521
7852;957
7853;733
7854;3688
7855;790
7856;801
7857;3534
7858;647
7859;484
7860;732
7861;2646
7862;506
7863;2007
7864;870
7865;1048
7866;734
7867;653
7868;1134
7869;820
7870;2539
7871;835
7872;1050
7873;636
7874;979
7875;936
7876;829
7877;896
7878;3750
7879;1004
7880;1105
7881;2163
7882;444
7883;1020
7884;1220
7885;837
7886;1044
7887;2143
7888;527
7889;2831
7890;4973
7891;2380
7892;475
7893;477
7894;2020
7895;704
7896;821
7897;1871
7898;993
7899;1072
7900;3590
7901;589
7902;830
7903;902
7904;907
7905;2146
7906;631
7907;613
7908;3094
7909;936
7910;1538
7911;511
7912;966
7913;1650
7914;835
7915;692
7916;597
7917;933
7918;818
7919;877
7920;3873
7921;2026
7922;818
7923;487
7924;538
7925;616
7926;976
7927;743
7928;674
7929;817
7930;692
7931;3619
7932;2164
7933;893
7934;3143
7935;3978
7936;477
7937;788
7938;880
7939;1082
7940;883
7941;689
7942;1056
7943;488
7944;953
7945;749
7946;521
7947;1415
7948;638
7949;861
7950;612
7951;883
7952;3590
7953;656
7954;625
7955;2560
7956;777
7957;549
7958;1004
7959;831
7960;795
7961;1671
7962;547
7963;479
7964;664
7965;2399
7966;525
7967;499
7968;2414
7969;437
7970;1080
7971;1894
7972;815
7973;3030
7974;696
7975;659
7976;660
7977;3485
7978;4104
7979;793
7980;949
7981;632
7982;1659
7983;770
7984;697
7985;1000
7986;1030
7987;1968
7988;674
7989;573
7990;1788
7991;2026
7992;635
7993;4443
7994;558
7995;795
7996;3988
7997;542
7998;998
7999;641
8000;759
8001;492
8002;3270
8003;811
8004;670
8005;475
8006;586
8007;660
8008;886
8009;3157
8010;835
8011;795
8012;4417
8013;602
8014;929
8015;630
8016;818
8017;530
8018;807
8019;1130
8020;787
8021;458
8022;2545
8023;4066
8024;1044
8025;2314
8026;692
8027;2082
8028;1042
8029;774
8030;3646
8031;745
8032;922
8033;1024
8034;3846
8035;2155
8036;650
8037;3326
8038;751
8039;702
8040;529
8041;2324
8042;2704
8043;2124
8044;831
8045;924
8046;886
8047;1643
8048;1940
8049;924
8050;510
8051;847
8052;873
8053;1728
8054;3929
8055;816
8056;487
8057;495
8058;841
8059;902
8060;656
8061;527
8062;650
8063;873
8064;745
8065;714
8066;538
8067;570
8068;653
8069;527
8070;508
8071;636
8072;2370
8073;926
8074;538
8075;893
8076;766
8077;4217
8078;3054
8079;4097
8080;771
8081;812
8082;4229
8083;3301
8084;3314
8085;1705
8086;2346
8087;600
8088;2908
8089;1536
8090;2723
8091;3638
8092;799
8093;782
8094;705
8095;901
8096;792
8097;667
8098;536
8099;3114
8100;4159
8101;909
8102;531
8103;826
8104;556
8105;868
8106;780
8107;3782
8108;521
8109;3579
8110;515
8111;1040
8112;924
8113;2715
8114;650
8115;3804
8116;897
8117;3387
8118;2433
8119;626
8120;469
8121;3950
8122;924
8123;784
8124;4477
8125;812
8126;611
8127;779
8128;4284
8129;1054
8130;1087
8131;986
8132;1041
8133;1619
8134;1179
8135;570
8136;444
8137;2303
8138;930
8139;520
8140;2957
8141;799
8142;1099
8143;1095
8144;2601
8145;825
8146;832
8147;1075
8148;906
8149;939
8150;497
8151;3383
8152;3902
8153;2041
8154;4009
8155;677
8156;531
8157;1136
8158;3186
8159;944
8160;586
8161;856
8162;861
8163;524
8164;1208
8165;748
8166;543
8167;849
8168;3205
8169;989
8170;539
8171;770
8172;985
8173;1736
8174;715
8175;893
8176;645
8177;519
8178;1115
8179;643
8180;726
8181;3206
8182;1064
8183;716
8184;853
8185;3561
8186;644
8187;907
8188;799
8189;816
8190;2709
8191;769
8192;896
8193;3634
8194;771
8195;863
8196;2009
8197;548
8198;561
8199;889
8200;3400
8201;2674
8202;942
8203;490
8204;903
8205;3811
8206;842
8207;2112
8208;716
8209;3920
8210;538
8211;3739
8212;1103
8213;1741
8214;976
8215;687
8216;2349
8217;2275
8218;817
8219;2026
8220;1312
8221;2684
8222;1151
8223;1657
8224;2023
8225;461
8226;551
8227;1052
8228;2535
8229;491
8230;509
8231;2057
8232;757
8233;497
8234;2436
8235;1995
8236;1187
8237;702
8238;3020
8239;666
8240;575
8241;527
8242;4091
8243;899
8244;2251
8245;4047
8246;1047
8247;550
8248;516
8249;854
8250;533
8251;668
8252;3452
8253;2011
8254;479
8255;857
8256;2190
8257;620
8258;622
8259;2081
8260;2138
8261;782
8262;3668
8263;929
8264;897
8265;771
8266;2885
8267;871
8268;847
8269;644
8270;665
8271;1103
8272;833
8273;691
8274;682
8275;541
8276;951
8277;877
8278;670
8279;679
8280;908
8281;651
8282;2713
8283;570
8284;521
8285;812
8286;980
8287;442
8288;2586
8289;3658
8290;1100
8291;775
8292;704
8293;529
8294;2580
8295;445
8296;643
8297;916
8298;3617
8299;1213
8300;889
8301;877
8302;2108
8303;670
8304;779
8305;532
8306;2258
8307;878
8308;877
8309;736
8310;2272
8311;646
8312;692
8313;1182
8314;854
8315;507
8316;643
8317;640
8318;889
8319;412
8320;479
8321;659
8322;1225
8323;1051
8324;2241
8325;455
8326;847
8327;954
8328;891
8329;932
8330;2086
8331;748
8332;686
8333;1251
8334;695
8335;4169
8336;3192
8337;940
8338;521
8339;1963
8340;964
8341;651
8342;904
8343;668
8344;4078
8345;951
8346;510
8347;819
8348;508
8349;3755
8350;1937
8351;923
8352;1103
8353;1683
8354;495
8355;3222
8356;686
8357;894
8358;498
8359;4301
8360;1086
8361;782
8362;598
8363;874
8364;647
8365;3140
8366;799
8367;821
8368;974
8369;460
8370;4174
8371;1432
8372;870
8373;3742
8374;4194
8375;2469
8376;610
8377;1046
8378;995
8379;3212
8380;1071
8381;524
8382;2166
8383;948
8384;974
8385;503
8386;688
8387;603
8388;3255
8389;689
8390;1735
8391;879
8392;1184
8393;782
8394;791
8395;813
8396;659
8397;520
8398;1461
8399;797
8400;1020
8401;708
8402;1942
8403;842
8404;731
8405;1876
8406;1139
8407;993
8408;1929
8409;1936
8410;884
8411;495
8412;511
8413;1813
8414;460
8415;966
8416;3428
8417;801
8418;1955
8419;906
8420;3509
8421;2879
8422;3999
8423;674
8424;669
8425;484
8426;671
8427;2009
8428;2432
8429;938
8430;2098
8431;2877
8432;3804
8433;3575
8434;3671
8435;2327
8436;755
8437;2275
8438;1980
8439;2430
8440;1712
8441;2657
8442;3775
8443;1590
8444;2462
8445;657
8446;802
8447;911
8448;754
8449;492
8450;482
8451;1871
8452;2243
8453;1047
8454;704
8455;939
8456;743
8457;770
8458;3449
8459;1126
8460;937
8461;3895
8462;709
8463;814
8464;499
8465;547
8466;721
8467;1034
8468;559
8469;1035
8470;642
8471;505
8472;926
8473;2199
8474;1818
8475;533
8476;976
8477;557
8478;624
8479;903
8480;2065
8481;620
8482;509
8483;871
8484;1688
8485;3650
8486;807
8487;968
8488;662
8489;526
8490;468
8491;2595
8492;522
8493;617
8494;632
8495;1725
8496;3033
8497;1976
8498;947
8499;849
8500;487
8501;1107
8502;1116
8503;3961
8504;949
8505;857
8506;4121
8507;2921
8508;2918
8509;908
8510;614
8511;657
8512;620
8513;747
8514;4697
8515;1695
8516;489
8517;782
8518;501
8519;764
8520;3362
8521;1886
8522;1091
8523;2248
8524;686
8525;2024
8526;885
8527;792
8528;549
8529;953
8530;3395
8531;1599
8532;1078
8533;2163
8534;4270
8535;612
8536;676
8537;963
8538;493
8539;468
8540;1038
8541;1142
8542;3404
8543;921
8544;2510
8545;457
8546;1031
8547;2035
8548;2975
8549;1963
8550;1540
8551;2426
8552;720
8553;3153
8554;510
8555;3570
8556;854
8557;774
8558;2337
8559;880
8560;2044
8561;735
8562;603
8563;830
8564;533
8565;918
8566;3459
8567;921
8568;1133
8569;627
8570;1884
8571;541
8572;990
8573;3033
8574;2292
8575;2432
8576;3654
8577;631
8578;674
8579;504
8580;495
8581;1001
8582;819
8583;497
8584;3504
8585;514
8586;1960
8587;3816
8588;864
8589;3497
8590;4202
8591;780
8592;744
8593;2120
8594;1077
8595;802
8596;883
8597;1035
8598;3083
8599;857
8600;589
8601;757
8602;1059
8603;670
8604;659
8605;440
8606;2349
8607;842
8608;587
8609;520
8610;463
8611;535
8612;831
8613;575
8614;651
8615;2160
8616;841
8617;947
8618;778
8619;889
8620;1726
8621;1026
8622;3254
8623;1882
8624;3003
8625;2967
8626;4025
8627;959
8628;594
8629;2807
8630;3147
8631;1063
8632;946
8633;1143
8634;1026
8635;682
8636;761
8637;580
8638;1069
8639;3240
8640;3427
8641;3667
8642;2135
8643;2143
8644;563
8645;817
8646;690
8647;533
8648;899
8649;3292
8650;1565
8651;1650
8652;2794
8653;3306
8654;660
8655;730
8656;845
8657;452
8658;842
8659;4182
8660;2159
8661;3181
8662;2920
8663;1501
8664;511
8665;4373
8666;801
8667;749
8668;590
8669;569
8670;2982
8671;1603
8672;720
8673;1115
8674;3457
8675;793
8676;986
8677;2236
8678;620
8679;563
8680;996
8681;2174
8682;648
8683;846
8684;953
8685;508
8686;2359
8687;1004
8688;468
8689;1052
8690;4069
8691;873
8692;621
8693;3554
8694;674
8695;880
8696;3852
8697;3438
8698;834
8699;2144
8700;811
8701;3426
8702;645
8703;4059
8704;2482
8705;1086
8706;560
8707;891
8708;3439
8709;487
8710;3755
8711;894
8712;1906
8713;658
8714;941
8715;3770
8716;849
8717;981
8718;1080
8719;828
8720;2112
8721;3460
8722;917
8723;672
8724;801
8725;3324
8726;1964
8727;505
8728;849
8729;1078
8730;752
8731;3275
8732;518
8733;749
8734;617
8735;473
8736;468
8737;707
8738;2599
8739;674
8740;1090
8741;2833
8742;676
8743;922
8744;3817
8745;820
8746;799
8747;2336
8748;3235
8749;3273
8750;3208
8751;827
8752;1045
8753;704
8754;3528
8755;458
8756;686
8757;2622
8758;553
8759;488
8760;808
8761;3977
8762;3484
8763;1629
8764;712
8765;3912
8766;1995
8767;695
8768;840
8769;3417
8770;1007
8771;2952
8772;684
8773;818
8774;549
8775;733
8776;592
8777;2391
8778;3529
8779;3424
8780;538
8781;786
8782;2351
8783;1073
8784;502
8785;1660
8786;894
8787;2061
8788;835
8789;825
8790;1986
8791;636
8792;478
8793;919
8794;1160
8795;2626
8796;945
8797;852
8798;470
8799;843
8800;2766
8801;1031
8802;3672
8803;1585
8804;522
8805;487
8806;857
8807;839
8808;3713
8809;673
8810;946
8811;3742
8812;885
8813;2026
8814;3222
8815;863
8816;935
8817;540
8818;3802
8819;661
8820;1139
8821;2065
8822;872
8823;931
8824;535
8825;743
8826;1824
8827;779
8828;824
8829;628
8830;928
8831;747
8832;508
8833;641
8834;454
8835;878
8836;609
8837;1736
8838;2281
8839;816
8840;803
8841;999
8842;762
8843;755
8844;581
8845;504
8846;975
8847;3714
8848;831
8849;664
8850;930
8851;3278
8852;846
8853;648
8854;543
8855;860
8856;731
8857;813
8858;667
8859;683
8860;2431
8861;739
8862;873
8863;2376
8864;2680
8865;703
8866;778
8867;980
8868;2201
8869;513
8870;534
8871;718
8872;705
8873;1096
8874;1471
8875;878
8876;746
8877;681
8878;2437
8879;906
8880;1050
8881;2587
8882;2660
8883;2594
8884;493
8885;3826
8886;682
8887;2700
8888;1059
8889;600
8890;513
8891;4212
8892;1834
8893;851
8894;929
8895;1597
8896;886
8897;693
8898;690
8899;2131
8900;757
8901;544
8902;872
8903;574
8904;1181
8905;560
8906;1817
8907;777
8908;832
8909;546
8910;519
8911;510
8912;804
8913;3866
8914;493
8915;822
8916;467
8917;718
8918;519
8919;671
8920;784
8921;2886
8922;3865
8923;528
8924;628
8925;4011
8926;924
8927;855
8928;657
8929;543
8930;2754
8931;754
8932;822
8933;944
8934;1064
8935;3193
8936;2154
8937;1001
8938;687
8939;2562
8940;511
8941;895
8942;4285
8943;778
8944;2325
8945;947
8946;867
8947;510
8948;3607
8949;822
8950;810
8951;2852
8952;916
8953;3711
8954;3710
8955;636
8956;1724
8957;638
8958;745
8959;1711
8960;1067
8961;638
8962;1228
8963;494
8964;2044
8965;3662
8966;4296
8967;647
8968;860
8969;830
8970;780
8971;1305
8972;480
8973;985
8974;1128
8975;1248
8976;691
8977;747
8978;3867
8979;821
8980;654
8981;897
8982;1045
8983;3404
8984;893
8985;487
8986;949
8987;2591
8988;706
8989;1944
8990;3396
8991;947
8992;762
8993;760
8994;3741
8995;513
8996;775
8997;880
8998;568
8999;3540
9000;4240
9001;4130
9002;3154
9003;567
9004;3714
9005;487
9006;2143
9007;4565
9008;3904
9009;813
9010;713
9011;563
9012;3146
9013;3455
9014;770
9015;939
9016;3916
9017;677
9018;703
9019;1006
9020;3858
9021;2010
9022;729
9023;527
9024;3155
9025;2477
9026;540
9027;1713
9028;894
9029;789
9030;1042
9031;2842
9032;743
9033;678
9034;676
9035;901
9036;3754
9037;2665
9038;967
9039;655
9040;447
9041;754
9042;633
9043;2859
9044;3362
9045;455
9046;958
9047;798
9048;900
9049;1319
9050;3744
9051;858
9052;469
9053;541
9054;3874
9055;858
9056;3451
9057;3655
9058;627
9059;2499
9060;895
9061;1576
9062;871
9063;3960
9064;3772
9065;779
9066;2001
9067;2230
9068;2662
9069;874
9070;693
9071;3695
9072;1225
9073;788
9074;666
9075;972
9076;3442
9077;914
9078;1957
9079;742
9080;744
9081;486
9082;2275
9083;708
9084;947
9085;483
9086;617
9087;797
9088;1110
9089;706
9090;786
9091;648
9092;2332
9093;483
9094;2118
9095;847
9096;968
9097;746
9098;871
9099;733
9100;3172
9101;726
9102;3663
9103;2033
9104;1179
9105;499
9106;2234
9107;870
9108;697
9109;1709
9110;890
9111;3444
9112;780
9113;905
9114;2638
9115;648
9116;2306
9117;2246
9118;4009
9119;832
9120;939
9121;1087
9122;468
9123;1003
9124;1663
9125;3002
9126;853
9127;948
9128;4635
9129;676
9130;476
9131;3233
9132;948
9133;529
9134;3771
9135;2474
9136;2940
9137;596
9138;970
9139;1797
9140;723
9141;748
9142;2250
9143;1073
9144;4118
9145;794
9146;464
9147;655
9148;3574
9149;780
9150;3279
9151;2515
9152;983
9153;370
9154;508
9155;690
9156;3129
9157;832
9158;907
9159;514
9160;810
9161;729
9162;1919
9163;483
9164;659
9165;895
9166;527
9167;551
9168;554
9169;542
9170;632
9171;3219
9172;812
9173;890
9174;754
9175;1195
9176;3869
9177;509
9178;493
9179;765
9180;673
9181;944
9182;1694
9183;951
9184;789
9185;970
9186;641
9187;926
9188;1170
9189;478
9190;777
9191;2675
9192;864
9193;3123
9194;2917
9195;662
9196;836
9197;3738
9198;775
9199;2276
9200;577
9201;1987
9202;2731
9203;885
9204;955
9205;558
9206;3518
9207;2210
9208;4478
9209;750
9210;3502
9211;1107
9212;489
9213;617
9214;550
9215;4104
9216;460
9217;628
9218;623
9219;520
9220;636
9221;922
9222;2011
9223;1943
9224;1076
9225;492
9226;1100
9227;623
9228;3130
9229;826
9230;862
9231;3197
9232;891
9233;872
9234;783
9235;606
9236;664
9237;622
9238;3943
9239;3342
9240;1019
9241;667
9242;2187
9243;672
9244;696
9245;695
9246;3894
9247;621
9248;1154
9249;3257
9250;2831
9251;4028
9252;1165
9253;1141
9254;2547
9255;481
9256;2991
9257;631
9258;653
9259;803
9260;969
9261;509
9262;674
9263;2222
9264;1000
9265;804
9266;982
9267;486
9268;815
9269;3938
9270;3840
9271;531
9272;2740
9273;1120
9274;1016
9275;638
9276;690
9277;3890
9278;3649
9279;989
9280;3700
9281;3830
9282;550
9283;3910
9284;879
9285;467
9286;1909
9287;944
9288;907
9289;3684
9290;829
9291;711
9292;1085
9293;619
9294;657
9295;534
9296;746
9297;1063
9298;1638
9299;2119
9300;1151
9301;939
9302;1052
9303;2142
9304;553
9305;811
9306;1011
9307;3531
9308;1873
9309;515
9310;3641
9311;3749
9312;352
9313;816
9314;2710
9315;1221
9316;536
9317;669
9318;687
9319;1933
9320;696
9321;677
9322;1562
9323;3104
9324;1051
9325;982
9326;1918
9327;1417
9328;1972
9329;729
9330;778
9331;931
9332;568
9333;923
9334;3293
9335;2673
9336;781
9337;470
9338;2435
9339;752
9340;928
9341;559
9342;1002
9343;3895
9344;664
9345;3390
9346;2114
9347;970
9348;2308
9349;815
9350;704
9351;844
9352;864
9353;1063
9354;3331
9355;1011
9356;636
9357;856
9358;527
9359;879
9360;912
9361;886
9362;1032
9363;509
9364;2694
9365;699
9366;743
9367;781
9368;897
9369;731
9370;3533
9371;2015
9372;838
9373;970
9374;481
9375;965
9376;3700
9377;713
9378;783
9379;3109
9380;3740
9381;4715
9382;758
9383;1850
9384;831
9385;3122
9386;1106
9387;695
9388;494
9389;564
9390;476
9391;2187
9392;2253
9393;555
9394;671
9395;548
9396;3803
9397;495
9398;661
9399;502
9400;730
9401;1762
9402;4463
9403;3498
9404;1038
9405;496
9406;950
9407;1887
9408;485
9409;573
9410;1055
9411;2837
9412;1896
9413;691
9414;515
9415;2126
9416;890
9417;3567
9418;3574
9419;1172
9420;504
9421;2840
9422;623
9423;1832
9424;796
9425;519
9426;534
9427;720
9428;733
9429;510
9430;2034
9431;1222
9432;807
9433;2074
9434;3865
9435;912
9436;667
9437;861
9438;3213
9439;713
9440;3618
9441;2128
9442;940
9443;1125
9444;2387
9445;468
9446;893
9447;773
9448;3644
9449;911
9450;2108
9451;595
9452;3244
9453;716
9454;2269
9455;949
9456;1805
9457;482
9458;888
9459;2244
9460;906
9461;2176
9462;817
9463;587
9464;1541
9465;870
9466;776
9467;873
9468;2064
9469;2191
9470;3007
9471;1073
9472;4217
9473;3813
9474;680
9475;829
9476;2014
9477;918
9478;1096
9479;973
9480;3265
9481;2407
9482;2336
9483;2867
9484;823
9485;2183
9486;2090
9487;513
9488;1177
9489;815
9490;686
9491;793
9492;3747
9493;2388
9494;883
9495;831
9496;857
9497;475
9498;694
9499;2124
9500;823
9501;3099
9502;856
9503;681
9504;940
9505;882
9506;4005
9507;3107
9508;844
9509;881
9510;705
9511;1156
9512;1598
9513;939
9514;503
9515;831
9516;542
9517;2783
9518;463
9519;884
9520;4581
9521;3844
9522;330
9523;981
9524;683
9525;653
9526;681
9527;988
9528;2830
9529;478
9530;824
9531;486
9532;886
9533;642
9534;2442
9535;1032
9536;2279
9537;647
9538;2088
9539;1090
9540;743
9541;995
9542;3185
9543;923
9544;929
9545;1834
9546;2742
9547;803
9548;666
9549;874
9550;3050
9551;1073
9552;546
9553;3775
9554;1120
9555;618
9556;748
9557;938
9558;1073
9559;847
9560;461
9561;827
9562;4521
9563;515
9564;554
9565;940
9566;620
9567;475
9568;845
9569;3588
9570;938
9571;3789
9572;2439
9573;823
9574;3920
9575;776
9576;487
9577;3669
9578;717
9579;659
9580;712
9581;475
9582;2602
9583;901
9584;653
9585;927
9586;3582
9587;565
9588;929
9589;764
9590;595
9591;623
9592;936
9593;678
9594;877
9595;2570
9596;516
9597;817
9598;3070
9599;767
9600;766
9601;612
9602;3776
9603;805
9604;810
9605;3988
9606;504
9607;690
9608;511
9609;519
9610;3774
9611;490
9612;3196
9613;537
9614;1323
9615;837
9616;942
9617;874
9618;2132
9619;2527
9620;457
9621;3594
9622;775
9623;1072
9624;891
9625;2921
9626;3325
9627;3515
9628;494
9629;630
9630;2638
9631;673
9632;723
9633;656
9634;771
9635;2709
9636;2288
9637;913
9638;766
9639;633
9640;471
9641;661
9642;782
9643;856
9644;641
9645;695
9646;789
9647;869
9648;1069
9649;844
9650;1902
9651;582
9652;959
9653;741
9654;485
9655;819
9656;591
9657;1044
9658;634
9659;576
9660;889
9661;4153
9662;2878
9663;539
9664;635
9665;468
9666;3536
9667;783
9668;545
9669;540
9670;1034
9671;3648
9672;482
9673;659
9674;725
9675;2133
9676;519
9677;502
9678;559
9679;3342
9680;1534
9681;965
9682;527
9683;845
9684;852
9685;1191
9686;3881
9687;723
9688;1180
9689;631
9690;507
9691;2293
9692;783
9693;1387
9694;790
9695;1070
9696;785
9697;798
9698;851
9699;3293
9700;490
9701;1080
9702;461
9703;1055
9704;3810
9705;894
9706;806
9707;671
9708;872
9709;847
9710;926
9711;3795
9712;901
9713;510
9714;3546
9715;979
9716;1409
9717;961
9718;734
9719;636
9720;3668
9721;558
9722;771
9723;466
9724;994
9725;655
9726;898
9727;913
9728;615
9729;3511
9730;3184
9731;925
9732;1267
9733;932
9734;495
9735;608
9736;1010
9737;3040
9738;481
9739;490
9740;3613
9741;1826
9742;3011
9743;468
9744;1058
9745;650
9746;1114
9747;498
9748;881
9749;789
9750;873
9751;490
9752;653
9753;656
9754;596
9755;524
9756;676
9757;4152
9758;445
9759;2288
9760;686
9761;813
9762;3430
9763;3051
9764;531
9765;1947
9766;1083
9767;3361
9768;849
9769;712
9770;483
9771;3070
9772;692
9773;830
9774;2037
9775;506
9776;684
9777;975
9778;531
9779;526
9780;2453
9781;725
9782;517
9783;683
9784;3688
9785;1124
9786;802
9787;1567
9788;3832
9789;639
9790;640
9791;3795
9792;790
9793;3072
9794;706
9795;945
9796;2150
9797;3603
9798;813
9799;541
9800;1128
9801;4401
9802;683
9803;883
9804;688
9805;1153
9806;3362
9807;3982
9808;648
9809;840
9810;2431
9811;708
9812;661
9813;716
9814;938
9815;3298
9816;525
9817;2270
9818;1206
9819;1617
9820;1369
9821;1032
9822;650
9823;4108
9824;1017
9825;3277
9826;2085
9827;472
9828;954
9829;1176
9830;779
9831;712
9832;543
9833;403
9834;826
9835;2202
9836;2254
9837;777
9838;1331
9839;490
9840;2465
9841;3791
9842;894
9843;524
9844;2680
9845;540
9846;1045
9847;1184
9848;3366
9849;615
9850;1141
9851;847
9852;493
9853;922
9854;1911
9855;3391
9856;494
9857;3368
9858;2617
9859;993
9860;3395
9861;699
9862;737
9863;490
9864;4262
9865;529
9866;2874
9867;836
9868;988
9869;762
9870;786
9871;846
9872;642
9873;2479
9874;2601
9875;643
9876;2470
9877;627
9878;3569
9879;3636
9880;2508
9881;641
9882;1005
9883;3200
9884;806
9885;519
9886;4486
9887;864
9888;655
9889;1597
9890;1030
9891;955
9892;889
9893;615
9894;674
9895;904
9896;3985
9897;1035
9898;1146
9899;1744
9900;841
9901;489
9902;2759
9903;2301
9904;1829
9905;627
9906;661
9907;497
9908;628
9909;784
9910;1161
9911;2654
9912;466
9913;2007
9914;2331
9915;1865
9916;556
9917;802
9918;490
9919;944
9920;659
9921;1061
9922;1061
9923;1076
9924;515
9925;1226
9926;2044
9927;674
9928;561
9929;1039
9930;1904
9931;2296
9932;858
9933;549
9934;1216
9935;857
9936;947
9937;1079
9938;3457
9939;1980
9940;465
9941;3182
9942;812
9943;3494
9944;910
9945;473
9946;729
9947;889
9948;863
9949;856
9950;696
9951;3817
9952;739
9953;705
9954;845
9955;956
9956;1640
9957;934
9958;975
9959;530
9960;492
9961;675
9962;3950
9963;707
9964;461
9965;680
9966;642
9967;760
9968;762
9969;2412
9970;630
9971;502
9972;500
9973;2012
9974;684
9975;526
9976;559
9977;3316
9978;844
9979;490
9980;528
9981;660
9982;637
9983;3019
9984;3518
9985;1851
9986;1701
9987;737
9988;3978
9989;773
9990;1072
9991;989
9992;918
9993;668
9994;2267
9995;1058
9996;828
9997;927
9998;3183
9999;836
10000;2166
