GEN_NUMB;ELEMENT;BEST_FITNESS; MID_FITNESS; WORST_FITNESS
1;?1*0.5666208*5,2*0.6801581*5,4*-0.6359484*5,3*1.398289*5,3*0.5776268*6,4*0.1161427*6,2*0.8271523*6,0*0.1891404*6,4*0.03205741*8,3*0.7316398*8,2*0.899641*7,3*0.2952263*7,4*1.145881*7;69961;959;0;
2;?1*0.5666208*5,2*0.6801581*5,4*-0.6359484*5,3*1.398289*5,3*0.5776268*6,4*0.1161427*6,2*0.8271523*6,0*0.1891404*6,4*0.03205741*8,3*0.7316398*8,2*0.899641*7,3*0.2952263*7,4*1.145881*7;717062;1004;0;
3;?1*0.5666208*5,2*0.6801581*5,4*-0.6359484*5,3*1.398289*5,3*0.5776268*6,4*0.1161427*6,2*0.8271523*6,0*0.1891404*6,4*0.03205741*8,3*0.7316398*8,2*0.899641*7,3*0.2952263*7,4*1.145881*7;336157;1031;0;
4;?1*0.5666208*5,2*0.6801581*5,4*-0.6359484*5,3*1.398289*5,3*0.5776268*6,4*0.1161427*6,2*0.8271523*6,0*0.1891404*6,4*0.03205741*8,3*0.7316398*8,2*0.899641*7,3*0.2952263*7,4*1.145881*7;4644;1000;0;
5;?1*0.5666208*5,2*0.6801581*5,4*-0.6359484*5,3*1.398289*5,3*0.5776268*6,4*0.1161427*6,2*0.8271523*6,0*0.1891404*6,4*0.03205741*8,3*0.7316398*8,2*0.899641*7,3*0.2952263*7,4*1.145881*7;364430;1027;0;
6;?1*0.5666208*5,2*0.6801581*5,4*-0.6359484*5,3*1.398289*5,3*0.5776268*6,4*0.1161427*6,2*0.8271523*6,0*0.1891404*6,4*0.03205741*8,3*0.7316398*8,2*0.899641*7,3*0.2952263*7,4*1.145881*7;465490;1024;0;
7;?1*0.5666208*5,2*0.6801581*5,4*-0.6359484*5,3*1.398289*5,3*0.5776268*6,4*0.1161427*6,2*0.8271523*6,0*0.1891404*6,4*0.03205741*8,3*0.7316398*8,2*0.899641*7,3*0.2952263*7,4*1.145881*7;4839;1023;0;
8;?1*0.5666208*5,2*0.6801581*5,4*-0.6359484*5,3*1.398289*5,3*0.5776268*6,4*0.1161427*6,2*0.8271523*6,0*0.1891404*6,4*0.03205741*8,3*0.7316398*8,2*0.899641*7,3*0.2952263*7,4*1.145881*7;551985;991;0;
9;?1*0.5666208*5,2*0.6801581*5,4*-0.6359484*5,3*1.398289*5,3*0.5776268*6,4*0.1161427*6,2*0.8271523*6,0*0.1891404*6,4*0.03205741*8,3*0.7316398*8,2*0.899641*7,3*0.2952263*7,4*1.145881*7;421207;1034;0;
10;?1*0.5666208*5,2*0.6801581*5,4*-0.6359484*5,3*1.398289*5,3*0.5776268*6,4*0.1161427*6,2*0.8271523*6,0*0.1891404*6,4*0.03205741*8,3*0.7316398*8,2*0.899641*7,3*0.2952263*7,4*1.145881*7;4640;1010;0;
11;?1*0.5666208*5,2*0.6801581*5,4*-0.6359484*5,3*1.398289*5,3*0.5776268*6,4*0.1161427*6,2*0.8271523*6,0*0.1891404*6,4*0.03205741*8,3*0.7316398*8,2*0.899641*7,3*0.2952263*7,4*1.145881*7;490542;1008;0;
12;?1*0.5666208*5,2*0.6801581*5,4*-0.6359484*5,3*1.398289*5,3*0.5776268*6,4*0.1161427*6,2*0.8271523*6,0*0.1891404*6,4*0.03205741*8,3*0.7316398*8,2*0.899641*7,3*0.2952263*7,4*1.145881*7;144714;971;0;
13;?1*0.5666208*5,2*0.6801581*5,4*-0.6359484*5,3*1.398289*5,3*0.5776268*6,4*0.1161427*6,2*0.8271523*6,0*0.1891404*6,4*0.03205741*8,3*0.7316398*8,2*0.899641*7,3*0.2952263*7,4*1.145881*7;201628;991;0;
14;?1*0.5666208*5,2*0.6801581*5,4*-0.6359484*5,3*1.398289*5,3*0.5776268*6,4*0.1161427*6,2*0.8271523*6,0*0.1891404*6,4*0.03205741*8,3*0.7316398*8,2*0.899641*7,3*0.2952263*7,4*1.145881*7;234197;1023;0;
15;?1*0.5666208*5,2*0.6801581*5,4*-0.6359484*5,3*1.398289*5,3*0.5776268*6,4*0.1161427*6,2*0.8271523*6,0*0.1891404*6,4*0.03205741*8,3*0.7316398*8,2*0.899641*7,3*0.2952263*7,4*1.145881*7;4703;1029;0;
16;?1*0.5666208*5,2*0.6801581*5,4*-0.6359484*5,3*1.398289*5,3*0.5776268*6,4*0.1161427*6,2*0.8271523*6,0*0.1891404*6,4*0.03205741*8,3*0.7316398*8,2*0.899641*7,3*0.2952263*7,4*1.145881*7;521298;999;0;
17;?1*0.5666208*5,2*0.6801581*5,4*-0.6359484*5,3*1.398289*5,3*0.5776268*6,4*0.1161427*6,2*0.8271523*6,0*0.1891404*6,4*0.03205741*8,3*0.7316398*8,2*0.899641*7,3*0.2952263*7,4*1.145881*7;449363;1046;0;
18;?1*0.5666208*5,2*0.6801581*5,4*-0.6359484*5,3*1.398289*5,3*0.5776268*6,4*0.1161427*6,2*0.8271523*6,0*0.1891404*6,4*0.03205741*8,3*0.7316398*8,2*0.899641*7,3*0.2952263*7,4*1.145881*7;534166;1007;0;
19;?1*0.5666208*5,2*0.6801581*5,4*-0.6359484*5,3*1.398289*5,3*0.5776268*6,4*0.1161427*6,2*0.8271523*6,0*0.1891404*6,4*0.03205741*8,3*0.7316398*8,2*0.899641*7,3*0.2952263*7,4*1.145881*7;122871;1064;0;
20;?1*0.5666208*5,2*0.6801581*5,4*-0.6359484*5,3*1.398289*5,3*0.5776268*6,4*0.1161427*6,2*0.8271523*6,0*0.1891404*6,4*0.03205741*8,3*0.7316398*8,2*0.899641*7,3*0.2952263*7,4*1.145881*7;193573;976;0;
21;?1*0.5666208*5,2*0.6801581*5,4*-0.6359484*5,3*1.398289*5,3*0.5776268*6,4*0.1161427*6,2*0.8271523*6,0*0.1891404*6,4*0.03205741*8,3*0.7316398*8,2*0.899641*7,3*0.2952263*7,4*1.145881*7;575085;1090;0;
22;?1*0.5666208*5,2*0.6801581*5,4*-0.6359484*5,3*1.398289*5,3*0.5776268*6,4*0.1161427*6,2*0.8271523*6,0*0.1891404*6,4*0.03205741*8,3*0.7316398*8,2*0.899641*7,3*0.2952263*7,4*1.145881*7;503641;1027;0;
23;?1*0.5666208*5,2*0.6801581*5,4*-0.6359484*5,3*1.398289*5,3*0.5776268*6,4*0.1161427*6,2*0.8271523*6,0*0.1891404*6,4*0.03205741*8,3*0.7316398*8,2*0.899641*7,3*0.2952263*7,4*1.145881*7;510096;1013;0;
24;?1*0.5666208*5,2*0.6801581*5,4*-0.6359484*5,3*1.398289*5,3*0.5776268*6,4*0.1161427*6,2*0.8271523*6,0*0.1891404*6,4*0.03205741*8,3*0.7316398*8,2*0.899641*7,3*0.2952263*7,4*1.145881*7;414480;1025;0;
25;?1*0.5666208*5,2*0.6801581*5,4*-0.6359484*5,3*1.398289*5,3*0.5776268*6,4*0.1161427*6,2*0.8271523*6,0*0.1891404*6,4*0.03205741*8,3*0.7316398*8,2*0.899641*7,3*0.2952263*7,4*1.145881*7;549125;1028;0;
26;?1*0.5666208*5,2*0.6801581*5,4*-0.6359484*5,3*1.398289*5,3*0.5776268*6,4*0.1161427*6,2*0.8271523*6,0*0.1891404*6,4*0.03205741*8,3*0.7316398*8,2*0.899641*7,3*0.2952263*7,4*1.145881*7;22968;1050;0;
27;?1*0.5666208*5,2*0.6801581*5,4*-0.6359484*5,3*1.398289*5,3*0.5776268*6,4*0.1161427*6,2*0.8271523*6,0*0.1891404*6,4*0.03205741*8,3*0.7316398*8,2*0.899641*7,3*0.2952263*7,4*1.145881*7;336141;987;0;
28;?1*0.5666208*5,2*0.6801581*5,4*-0.6359484*5,3*1.398289*5,3*0.5776268*6,4*0.1161427*6,2*0.8271523*6,0*0.1891404*6,4*0.03205741*8,3*0.7316398*8,2*0.899641*7,3*0.2952263*7,4*1.145881*7;4759;1038;0;
29;?1*0.5666208*5,2*0.6801581*5,4*-0.6359484*5,3*1.398289*5,3*0.5776268*6,4*0.1161427*6,2*0.8271523*6,0*0.1891404*6,4*0.03205741*8,3*0.7316398*8,2*0.899641*7,3*0.2952263*7,4*1.145881*7;456103;1039;0;
30;?1*0.5666208*5,2*0.6801581*5,4*-0.6359484*5,3*1.398289*5,3*0.5776268*6,4*0.1161427*6,2*0.8271523*6,0*0.1891404*6,4*0.03205741*8,3*0.7316398*8,2*0.899641*7,3*0.2952263*7,4*1.145881*7;18040;977;0;
31;?1*0.5666208*5,2*0.6801581*5,4*-0.6359484*5,3*1.398289*5,3*0.5776268*6,4*0.1161427*6,2*0.8271523*6,0*0.1891404*6,4*0.03205741*8,3*0.7316398*8,2*0.899641*7,3*0.2952263*7,4*1.145881*7;5204;1051;0;
32;?1*0.5666208*5,2*0.6801581*5,4*-0.6359484*5,3*1.398289*5,3*0.5776268*6,4*0.1161427*6,2*0.8271523*6,0*0.1891404*6,4*0.03205741*8,3*0.7316398*8,2*0.899641*7,3*0.2952263*7,4*1.145881*7;298099;998;0;
33;?1*0.5666208*5,2*0.6801581*5,4*-0.6359484*5,3*1.398289*5,3*0.5776268*6,4*0.1161427*6,2*0.8271523*6,0*0.1891404*6,4*0.03205741*8,3*0.7316398*8,2*0.899641*7,3*0.2952263*7,4*1.145881*7;544668;1048;0;
34;?1*0.5666208*5,2*0.6801581*5,4*-0.6359484*5,3*1.398289*5,3*0.5776268*6,4*0.1161427*6,2*0.8271523*6,0*0.1891404*6,4*0.03205741*8,3*0.7316398*8,2*0.899641*7,3*0.2952263*7,4*1.145881*7;432714;1000;0;
35;?1*0.5666208*5,2*0.6801581*5,4*-0.6359484*5,3*1.398289*5,3*0.5776268*6,4*0.1161427*6,2*0.8271523*6,0*0.1891404*6,4*0.03205741*8,3*0.7316398*8,2*0.899641*7,3*0.2952263*7,4*1.145881*7;85827;1089;0;
36;?1*0.5666208*5,2*0.6801581*5,4*-0.6359484*5,3*1.398289*5,3*0.5776268*6,4*0.1161427*6,2*0.8271523*6,0*0.1891404*6,4*0.03205741*8,3*0.7316398*8,2*0.899641*7,3*0.2952263*7,4*1.145881*7;4972;1022;0;
37;?1*0.5666208*5,2*0.6801581*5,4*-0.6359484*5,3*1.398289*5,3*0.5776268*6,4*0.1161427*6,2*0.8271523*6,0*0.1891404*6,4*0.03205741*8,3*0.7316398*8,2*0.899641*7,3*0.2952263*7,4*1.145881*7;134571;1011;0;
38;?1*0.5666208*5,2*0.6801581*5,4*-0.6359484*5,3*1.398289*5,3*0.5776268*6,4*0.1161427*6,2*0.8271523*6,0*0.1891404*6,4*0.03205741*8,3*0.7316398*8,2*0.899641*7,3*0.2952263*7,4*1.145881*7;236048;986;0;
39;?1*0.5666208*5,2*0.6801581*5,4*-0.6359484*5,3*1.398289*5,3*0.5776268*6,4*0.1161427*6,2*0.8271523*6,0*0.1891404*6,4*0.03205741*8,3*0.7316398*8,2*0.899641*7,3*0.2952263*7,4*1.145881*7;442872;1110;0;
40;?1*0.5666208*5,2*0.6801581*5,4*-0.6359484*5,3*1.398289*5,3*0.5776268*6,4*0.1161427*6,2*0.8271523*6,0*0.1891404*6,4*0.03205741*8,3*0.7316398*8,2*0.899641*7,3*0.2952263*7,4*1.145881*7;347058;987;0;
41;?1*0.5666208*5,2*0.6801581*5,4*-0.6359484*5,3*1.398289*5,3*0.5776268*6,4*0.1161427*6,2*0.8271523*6,0*0.1891404*6,4*0.03205741*8,3*0.7316398*8,2*0.899641*7,3*0.2952263*7,4*1.145881*7;5210;955;0;
42;?1*0.5666208*5,2*0.6801581*5,4*-0.6359484*5,3*1.398289*5,3*0.5776268*6,4*0.1161427*6,2*0.8271523*6,0*0.1891404*6,4*0.03205741*8,3*0.7316398*8,2*0.899641*7,3*0.2952263*7,4*1.145881*7;493215;1003;0;
43;?1*0.5666208*5,2*0.6801581*5,4*-0.6359484*5,3*1.398289*5,3*0.5776268*6,4*0.1161427*6,2*0.8271523*6,0*0.1891404*6,4*0.03205741*8,3*0.7316398*8,2*0.899641*7,3*0.2952263*7,4*1.145881*7;517900;977;0;
44;?1*0.5666208*5,2*0.6801581*5,4*-0.6359484*5,3*1.398289*5,3*0.5776268*6,4*0.1161427*6,2*0.8271523*6,0*0.1891404*6,4*0.03205741*8,3*0.7316398*8,2*0.899641*7,3*0.2952263*7,4*1.145881*7;52753;1012;0;
45;?1*0.5666208*5,2*0.6801581*5,4*-0.6359484*5,3*1.398289*5,3*0.5776268*6,4*0.1161427*6,2*0.8271523*6,0*0.1891404*6,4*0.03205741*8,3*0.7316398*8,2*0.899641*7,3*0.2952263*7,4*1.145881*7;305721;1034;0;
46;?1*0.5666208*5,2*0.6801581*5,4*-0.6359484*5,3*1.398289*5,3*0.5776268*6,4*0.1161427*6,2*0.8271523*6,0*0.1891404*6,4*0.03205741*8,3*0.7316398*8,2*0.899641*7,3*0.2952263*7,4*1.145881*7;252297;1011;0;
47;?1*0.5666208*5,2*0.6801581*5,4*-0.6359484*5,3*1.398289*5,3*0.5776268*6,4*0.1161427*6,2*0.8271523*6,0*0.1891404*6,4*0.03205741*8,3*0.7316398*8,2*0.899641*7,3*0.2952263*7,4*1.145881*7;478482;973;0;
48;?1*0.5666208*5,2*0.6801581*5,4*-0.6359484*5,3*1.398289*5,3*0.5776268*6,4*0.1161427*6,2*0.8271523*6,0*0.1891404*6,4*0.03205741*8,3*0.7316398*8,2*0.899641*7,3*0.2952263*7,4*1.145881*7;249043;1003;0;
49;?1*0.5666208*5,2*0.6801581*5,4*-0.6359484*5,3*1.398289*5,3*0.5776268*6,4*0.1161427*6,2*0.8271523*6,0*0.1891404*6,4*0.03205741*8,3*0.7316398*8,2*0.899641*7,3*0.2952263*7,4*1.145881*7;22670;983;0;
50;?1*0.5666208*5,2*0.6801581*5,4*-0.6359484*5,3*1.398289*5,3*0.5776268*6,4*0.1161427*6,2*0.8271523*6,0*0.1891404*6,4*0.03205741*8,3*0.7316398*8,2*0.899641*7,3*0.2952263*7,4*1.145881*7;23726;994;0;
51;?1*0.5666208*5,2*0.6801581*5,4*-0.6359484*5,3*1.398289*5,3*0.5776268*6,4*0.1161427*6,2*0.8271523*6,0*0.1891404*6,4*0.03205741*8,3*0.7316398*8,2*0.899641*7,3*0.2952263*7,4*1.145881*7;364795;1020;0;
52;?1*0.5666208*5,2*0.6801581*5,4*-0.6359484*5,3*1.398289*5,3*0.5776268*6,4*0.1161427*6,2*0.8271523*6,0*0.1891404*6,4*0.03205741*8,3*0.7316398*8,2*0.899641*7,3*0.2952263*7,4*1.145881*7;316505;980;0;
53;?1*0.5666208*5,2*0.6801581*5,4*-0.6359484*5,3*1.398289*5,3*0.5776268*6,4*0.1161427*6,2*0.8271523*6,0*0.1891404*6,4*0.03205741*8,3*0.7316398*8,2*0.899641*7,3*0.2952263*7,4*1.145881*7;378099;972;0;
54;?1*0.5666208*5,2*0.6801581*5,4*-0.6359484*5,3*1.398289*5,3*0.5776268*6,4*0.1161427*6,2*0.8271523*6,0*0.1891404*6,4*0.03205741*8,3*0.7316398*8,2*0.899641*7,3*0.2952263*7,4*1.145881*7;282600;1006;0;
55;?1*0.5666208*5,2*0.6801581*5,4*-0.6359484*5,3*1.398289*5,3*0.5776268*6,4*0.1161427*6,2*0.8271523*6,0*0.1891404*6,4*0.03205741*8,3*0.7316398*8,2*0.899641*7,3*0.2952263*7,4*1.145881*7;15230;1021;0;
56;?1*0.5666208*5,2*0.6801581*5,4*-0.6359484*5,3*1.398289*5,3*0.5776268*6,4*0.1161427*6,2*0.8271523*6,0*0.1891404*6,4*0.03205741*8,3*0.7316398*8,2*0.899641*7,3*0.2952263*7,4*1.145881*7;403084;1023;-3.402823E+38;
57;?1*0.5666208*5,2*0.6801581*5,4*-0.6359484*5,3*1.398289*5,3*0.5776268*6,4*0.1161427*6,2*0.8271523*6,0*0.1891404*6,4*0.03205741*8,3*0.7316398*8,2*0.899641*7,3*0.2952263*7,4*1.145881*7;370005;1064;0;
58;?1*0.5666208*5,2*0.6801581*5,4*-0.6359484*5,3*1.398289*5,3*0.5776268*6,4*0.1161427*6,2*0.8271523*6,0*0.1891404*6,4*0.03205741*8,3*0.7316398*8,2*0.899641*7,3*0.2952263*7,4*1.145881*7;205975;1039;0;
59;?1*0.5666208*5,2*0.6801581*5,4*-0.6359484*5,3*1.398289*5,3*0.5776268*6,4*0.1161427*6,2*0.8271523*6,0*0.1891404*6,4*0.03205741*8,3*0.7316398*8,2*0.899641*7,3*0.2952263*7,4*1.145881*7;455144;949;0;
60;?1*0.5666208*5,2*0.6801581*5,4*-0.6359484*5,3*1.398289*5,3*0.5776268*6,4*0.1161427*6,2*0.8271523*6,0*0.1891404*6,4*0.03205741*8,3*0.7316398*8,2*0.899641*7,3*0.2952263*7,4*1.145881*7;454544;1000;0;
61;?1*0.5666208*5,2*0.6801581*5,4*-0.6359484*5,3*1.398289*5,3*0.5776268*6,4*0.1161427*6,2*0.8271523*6,0*0.1891404*6,4*0.03205741*8,3*0.7316398*8,2*0.899641*7,3*0.2952263*7,4*1.145881*7;340603;968;0;
62;?1*0.5666208*5,2*0.6801581*5,4*-0.6359484*5,3*1.398289*5,3*0.5776268*6,4*0.1161427*6,2*0.8271523*6,0*0.1891404*6,4*0.03205741*8,3*0.7316398*8,2*0.899641*7,3*0.2952263*7,4*1.145881*7;441917;994;0;
63;?1*0.5666208*5,2*0.6801581*5,4*-0.6359484*5,3*1.398289*5,3*0.5776268*6,4*0.1161427*6,2*0.8271523*6,0*0.1891404*6,4*0.03205741*8,3*0.7316398*8,2*0.899641*7,3*0.2952263*7,4*1.145881*7;265893;1054;0;
64;?1*0.5666208*5,2*0.6801581*5,4*-0.6359484*5,3*1.398289*5,3*0.5776268*6,4*0.1161427*6,2*0.8271523*6,0*0.1891404*6,4*0.03205741*8,3*0.7316398*8,2*0.899641*7,3*0.2952263*7,4*1.145881*7;348535;998;0;
65;?1*0.5666208*5,2*0.6801581*5,4*-0.6359484*5,3*1.398289*5,3*0.5776268*6,4*0.1161427*6,2*0.8271523*6,0*0.1891404*6,4*0.03205741*8,3*0.7316398*8,2*0.899641*7,3*0.2952263*7,4*1.145881*7;484478;1008;0;
66;?1*0.5666208*5,2*0.6801581*5,4*-0.6359484*5,3*1.398289*5,3*0.5776268*6,4*0.1161427*6,2*0.8271523*6,0*0.1891404*6,4*0.03205741*8,3*0.7316398*8,2*0.899641*7,3*0.2952263*7,4*1.145881*7;422543;1010;0;
67;?1*0.5666208*5,2*0.6801581*5,4*-0.6359484*5,3*1.398289*5,3*0.5776268*6,4*0.1161427*6,2*0.8271523*6,0*0.1891404*6,4*0.03205741*8,3*0.7316398*8,2*0.899641*7,3*0.2952263*7,4*1.145881*7;349254;1072;0;
68;?1*0.5666208*5,2*0.6801581*5,4*-0.6359484*5,3*1.398289*5,3*0.5776268*6,4*0.1161427*6,2*0.8271523*6,0*0.1891404*6,4*0.03205741*8,3*0.7316398*8,2*0.899641*7,3*0.2952263*7,4*1.145881*7;472050;973;0;
69;?1*0.5666208*5,2*0.6801581*5,4*-0.6359484*5,3*1.398289*5,3*0.5776268*6,4*0.1161427*6,2*0.8271523*6,0*0.1891404*6,4*0.03205741*8,3*0.7316398*8,2*0.899641*7,3*0.2952263*7,4*1.145881*7;510733;987;0;
70;?1*0.5666208*5,2*0.6801581*5,4*-0.6359484*5,3*1.398289*5,3*0.5776268*6,4*0.1161427*6,2*0.8271523*6,0*0.1891404*6,4*0.03205741*8,3*0.7316398*8,2*0.899641*7,3*0.2952263*7,4*1.145881*7;65906;979;0;
71;?1*0.5666208*5,2*0.6801581*5,4*-0.6359484*5,3*1.398289*5,3*0.5776268*6,4*0.1161427*6,2*0.8271523*6,0*0.1891404*6,4*0.03205741*8,3*0.7316398*8,2*0.899641*7,3*0.2952263*7,4*1.145881*7;502126;928;0;
72;?1*0.5666208*5,2*0.6801581*5,4*-0.6359484*5,3*1.398289*5,3*0.5776268*6,4*0.1161427*6,2*0.8271523*6,0*0.1891404*6,4*0.03205741*8,3*0.7316398*8,2*0.899641*7,3*0.2952263*7,4*1.145881*7;474004;962;0;
73;?1*0.5666208*5,2*0.6801581*5,4*-0.6359484*5,3*1.398289*5,3*0.5776268*6,4*0.1161427*6,2*0.8271523*6,0*0.1891404*6,4*0.03205741*8,3*0.7316398*8,2*0.899641*7,3*0.2952263*7,4*1.145881*7;601893;995;0;
74;?1*0.5666208*5,2*0.6801581*5,4*-0.6359484*5,3*1.398289*5,3*0.5776268*6,4*0.1161427*6,2*0.8271523*6,0*0.1891404*6,4*0.03205741*8,3*0.7316398*8,2*0.899641*7,3*0.2952263*7,4*1.145881*7;193207;988;0;
75;?1*0.5666208*5,2*0.6801581*5,4*-0.6359484*5,3*1.398289*5,3*0.5776268*6,4*0.1161427*6,2*0.8271523*6,0*0.1891404*6,4*0.03205741*8,3*0.7316398*8,2*0.899641*7,3*0.2952263*7,4*1.145881*7;482955;995;0;
76;?1*0.5666208*5,2*0.6801581*5,4*-0.6359484*5,3*1.398289*5,3*0.5776268*6,4*0.1161427*6,2*0.8271523*6,0*0.1891404*6,4*0.03205741*8,3*0.7316398*8,2*0.899641*7,3*0.2952263*7,4*1.145881*7;419709;927;0;
77;?1*0.5666208*5,2*0.6801581*5,4*-0.6359484*5,3*1.398289*5,3*0.5776268*6,4*0.1161427*6,2*0.8271523*6,0*0.1891404*6,4*0.03205741*8,3*0.7316398*8,2*0.899641*7,3*0.2952263*7,4*1.145881*7;395991;1007;0;
78;?1*0.5666208*5,2*0.6801581*5,4*-0.6359484*5,3*1.398289*5,3*0.5776268*6,4*0.1161427*6,2*0.8271523*6,0*0.1891404*6,4*0.03205741*8,3*0.7316398*8,2*0.899641*7,3*0.2952263*7,4*1.145881*7;561126;1041;0;
79;?1*0.5666208*5,2*0.6801581*5,4*-0.6359484*5,3*1.398289*5,3*0.5776268*6,4*0.1161427*6,2*0.8271523*6,0*0.1891404*6,4*0.03205741*8,3*0.7316398*8,2*0.899641*7,3*0.2952263*7,4*1.145881*7;310289;1042;0;
80;?1*0.5666208*5,2*0.6801581*5,4*-0.6359484*5,3*1.398289*5,3*0.5776268*6,4*0.1161427*6,2*0.8271523*6,0*0.1891404*6,4*0.03205741*8,3*0.7316398*8,2*0.899641*7,3*0.2952263*7,4*1.145881*7;587033;994;0;
81;?1*0.5666208*5,2*0.6801581*5,4*-0.6359484*5,3*1.398289*5,3*0.5776268*6,4*0.1161427*6,2*0.8271523*6,0*0.1891404*6,4*0.03205741*8,3*0.7316398*8,2*0.899641*7,3*0.2952263*7,4*1.145881*7;366988;1064;0;
82;?1*0.5666208*5,2*0.6801581*5,4*-0.6359484*5,3*1.398289*5,3*0.5776268*6,4*0.1161427*6,2*0.8271523*6,0*0.1891404*6,4*0.03205741*8,3*0.7316398*8,2*0.899641*7,3*0.2952263*7,4*1.145881*7;20000;1039;0;
83;?1*0.5666208*5,2*0.6801581*5,4*-0.6359484*5,3*1.398289*5,3*0.5776268*6,4*0.1161427*6,2*0.8271523*6,0*0.1891404*6,4*0.03205741*8,3*0.7316398*8,2*0.899641*7,3*0.2952263*7,4*1.145881*7;468508;1046;0;
84;?1*0.5666208*5,2*0.6801581*5,4*-0.6359484*5,3*1.398289*5,3*0.5776268*6,4*0.1161427*6,2*0.8271523*6,0*0.1891404*6,4*0.03205741*8,3*0.7316398*8,2*0.899641*7,3*0.2952263*7,4*1.145881*7;480822;1045;0;
85;?1*0.5666208*5,2*0.6801581*5,4*-0.6359484*5,3*1.398289*5,3*0.5776268*6,4*0.1161427*6,2*0.8271523*6,0*0.1891404*6,4*0.03205741*8,3*0.7316398*8,2*0.899641*7,3*0.2952263*7,4*1.145881*7;295616;974;0;
86;?1*0.5666208*5,2*0.6801581*5,4*-0.6359484*5,3*1.398289*5,3*0.5776268*6,4*0.1161427*6,2*0.8271523*6,0*0.1891404*6,4*0.03205741*8,3*0.7316398*8,2*0.899641*7,3*0.2952263*7,4*1.145881*7;519934;978;0;
87;?1*0.5666208*5,2*0.6801581*5,4*-0.6359484*5,3*1.398289*5,3*0.5776268*6,4*0.1161427*6,2*0.8271523*6,0*0.1891404*6,4*0.03205741*8,3*0.7316398*8,2*0.899641*7,3*0.2952263*7,4*1.145881*7;522072;998;0;
88;?1*0.5666208*5,2*0.6801581*5,4*-0.6359484*5,3*1.398289*5,3*0.5776268*6,4*0.1161427*6,2*0.8271523*6,0*0.1891404*6,4*0.03205741*8,3*0.7316398*8,2*0.899641*7,3*0.2952263*7,4*1.145881*7;494014;1085;0;
89;?1*0.5666208*5,2*0.6801581*5,4*-0.6359484*5,3*1.398289*5,3*0.5776268*6,4*0.1161427*6,2*0.8271523*6,0*0.1891404*6,4*0.03205741*8,3*0.7316398*8,2*0.899641*7,3*0.2952263*7,4*1.145881*7;181045;1006;-3.402823E+38;
90;?1*0.5666208*5,2*0.6801581*5,4*-0.6359484*5,3*1.398289*5,3*0.5776268*6,4*0.1161427*6,2*0.8271523*6,0*0.1891404*6,4*0.03205741*8,3*0.7316398*8,2*0.899641*7,3*0.2952263*7,4*1.145881*7;419724;993;0;
91;?1*0.5666208*5,2*0.6801581*5,4*-0.6359484*5,3*1.398289*5,3*0.5776268*6,4*0.1161427*6,2*0.8271523*6,0*0.1891404*6,4*0.03205741*8,3*0.7316398*8,2*0.899641*7,3*0.2952263*7,4*1.145881*7;583760;1020;0;
92;?1*0.5666208*5,2*0.6801581*5,4*-0.6359484*5,3*1.398289*5,3*0.5776268*6,4*0.1161427*6,2*0.8271523*6,0*0.1891404*6,4*0.03205741*8,3*0.7316398*8,2*0.899641*7,3*0.2952263*7,4*1.145881*7;4807;1031;0;
93;?1*0.5666208*5,2*0.6801581*5,4*-0.6359484*5,3*1.398289*5,3*0.5776268*6,4*0.1161427*6,2*0.8271523*6,0*0.1891404*6,4*0.03205741*8,3*0.7316398*8,2*0.899641*7,3*0.2952263*7,4*1.145881*7;22799;991;0;
94;?1*0.5666208*5,2*0.6801581*5,4*-0.6359484*5,3*1.398289*5,3*0.5776268*6,4*0.1161427*6,2*0.8271523*6,0*0.1891404*6,4*0.03205741*8,3*0.7316398*8,2*0.899641*7,3*0.2952263*7,4*1.145881*7;58670;1002;0;
95;?1*0.5666208*5,2*0.6801581*5,4*-0.6359484*5,3*1.398289*5,3*0.5776268*6,4*0.1161427*6,2*0.8271523*6,0*0.1891404*6,4*0.03205741*8,3*0.7316398*8,2*0.899641*7,3*0.2952263*7,4*1.145881*7;85732;1059;0;
96;?1*0.5666208*5,2*0.6801581*5,4*-0.6359484*5,3*1.398289*5,3*0.5776268*6,4*0.1161427*6,2*0.8271523*6,0*0.1891404*6,4*0.03205741*8,3*0.7316398*8,2*0.899641*7,3*0.2952263*7,4*1.145881*7;600670;975;0;
97;?1*0.5666208*5,2*0.6801581*5,4*-0.6359484*5,3*1.398289*5,3*0.5776268*6,4*0.1161427*6,2*0.8271523*6,0*0.1891404*6,4*0.03205741*8,3*0.7316398*8,2*0.899641*7,3*0.2952263*7,4*1.145881*7;10248;987;0;
98;?1*0.5666208*5,2*0.6801581*5,4*-0.6359484*5,3*1.398289*5,3*0.5776268*6,4*0.1161427*6,2*0.8271523*6,0*0.1891404*6,4*0.03205741*8,3*0.7316398*8,2*0.899641*7,3*0.2952263*7,4*1.145881*7;363532;1020;0;
99;?1*0.5666208*5,2*0.6801581*5,4*-0.6359484*5,3*1.398289*5,3*0.5776268*6,4*0.1161427*6,2*0.8271523*6,0*0.1891404*6,4*0.03205741*8,3*0.7316398*8,2*0.899641*7,3*0.2952263*7,4*1.145881*7;355181;992;0;
100;?1*0.5666208*5,2*0.6801581*5,4*-0.6359484*5,3*1.398289*5,3*0.5776268*6,4*0.1161427*6,2*0.8271523*6,0*0.1891404*6,4*0.03205741*8,3*0.7316398*8,2*0.899641*7,3*0.2952263*7,4*1.145881*7;483292;995;0;
101;?1*0.5666208*5,2*0.6801581*5,4*-0.6359484*5,3*1.398289*5,3*0.5776268*6,4*0.1161427*6,2*0.8271523*6,0*0.1891404*6,4*0.03205741*8,3*0.7316398*8,2*0.899641*7,3*0.2952263*7,4*1.145881*7;257900;1086;0;
102;?1*0.5666208*5,2*0.6801581*5,4*-0.6359484*5,3*1.398289*5,3*0.5776268*6,4*0.1161427*6,2*0.8271523*6,0*0.1891404*6,4*0.03205741*8,3*0.7316398*8,2*0.899641*7,3*0.2952263*7,4*1.145881*7;626679;1078;0;
103;?1*0.5666208*5,2*0.6801581*5,4*-0.6359484*5,3*1.398289*5,3*0.5776268*6,4*0.1161427*6,2*0.8271523*6,0*0.1891404*6,4*0.03205741*8,3*0.7316398*8,2*0.899641*7,3*0.2952263*7,4*1.145881*7;503914;1026;0;
104;?1*0.5666208*5,2*0.6801581*5,4*-0.6359484*5,3*1.398289*5,3*0.5776268*6,4*0.1161427*6,2*0.8271523*6,0*0.1891404*6,4*0.03205741*8,3*0.7316398*8,2*0.899641*7,3*0.2952263*7,4*1.145881*7;640474;1004;0;
105;?1*0.5666208*5,2*0.6801581*5,4*-0.6359484*5,3*1.398289*5,3*0.5776268*6,4*0.1161427*6,2*0.8271523*6,0*0.1891404*6,4*0.03205741*8,3*0.7316398*8,2*0.899641*7,3*0.2952263*7,4*1.145881*7;476646;954;0;
106;?1*0.5666208*5,2*0.6801581*5,4*-0.6359484*5,3*1.398289*5,3*0.5776268*6,4*0.1161427*6,2*0.8271523*6,0*0.1891404*6,4*0.03205741*8,3*0.7316398*8,2*0.899641*7,3*0.2952263*7,4*1.145881*7;592490;983;0;
107;?1*0.5666208*5,2*0.6801581*5,4*-0.6359484*5,3*1.398289*5,3*0.5776268*6,4*0.1161427*6,2*0.8271523*6,0*0.1891404*6,4*0.03205741*8,3*0.7316398*8,2*0.899641*7,3*0.2952263*7,4*1.145881*7;124095;1012;0;
108;?1*0.5666208*5,2*0.6801581*5,4*-0.6359484*5,3*1.398289*5,3*0.5776268*6,4*0.1161427*6,2*0.8271523*6,0*0.1891404*6,4*0.03205741*8,3*0.7316398*8,2*0.899641*7,3*0.2952263*7,4*1.145881*7;327819;964;0;
109;?1*0.5666208*5,2*0.6801581*5,4*-0.6359484*5,3*1.398289*5,3*0.5776268*6,4*0.1161427*6,2*0.8271523*6,0*0.1891404*6,4*0.03205741*8,3*0.7316398*8,2*0.899641*7,3*0.2952263*7,4*1.145881*7;510288;976;0;
110;?1*0.5666208*5,2*0.6801581*5,4*-0.6359484*5,3*1.398289*5,3*0.5776268*6,4*0.1161427*6,2*0.8271523*6,0*0.1891404*6,4*0.03205741*8,3*0.7316398*8,2*0.899641*7,3*0.2952263*7,4*1.145881*7;524849;952;0;
111;?1*0.5666208*5,2*0.6801581*5,4*-0.6359484*5,3*1.398289*5,3*0.5776268*6,4*0.1161427*6,2*0.8271523*6,0*0.1891404*6,4*0.03205741*8,3*0.7316398*8,2*0.899641*7,3*0.2952263*7,4*1.145881*7;24884;970;0;
112;?1*0.5666208*5,2*0.6801581*5,4*-0.6359484*5,3*1.398289*5,3*0.5776268*6,4*0.1161427*6,2*0.8271523*6,0*0.1891404*6,4*0.03205741*8,3*0.7316398*8,2*0.899641*7,3*0.2952263*7,4*1.145881*7;502341;990;0;
113;?1*0.5666208*5,2*0.6801581*5,4*-0.6359484*5,3*1.398289*5,3*0.5776268*6,4*0.1161427*6,2*0.8271523*6,0*0.1891404*6,4*0.03205741*8,3*0.7316398*8,2*0.899641*7,3*0.2952263*7,4*1.145881*7;598699;1032;0;
114;?1*0.5666208*5,2*0.6801581*5,4*-0.6359484*5,3*1.398289*5,3*0.5776268*6,4*0.1161427*6,2*0.8271523*6,0*0.1891404*6,4*0.03205741*8,3*0.7316398*8,2*0.899641*7,3*0.2952263*7,4*1.145881*7;585273;1114;0;
115;?1*0.5666208*5,2*0.6801581*5,4*-0.6359484*5,3*1.398289*5,3*0.5776268*6,4*0.1161427*6,2*0.8271523*6,0*0.1891404*6,4*0.03205741*8,3*0.7316398*8,2*0.899641*7,3*0.2952263*7,4*1.145881*7;607763;1021;0;
116;?1*0.5666208*5,2*0.6801581*5,4*-0.6359484*5,3*1.398289*5,3*0.5776268*6,4*0.1161427*6,2*0.8271523*6,0*0.1891404*6,4*0.03205741*8,3*0.7316398*8,2*0.899641*7,3*0.2952263*7,4*1.145881*7;461502;999;0;
117;?1*0.5666208*5,2*0.6801581*5,4*-0.6359484*5,3*1.398289*5,3*0.5776268*6,4*0.1161427*6,2*0.8271523*6,0*0.1891404*6,4*0.03205741*8,3*0.7316398*8,2*0.899641*7,3*0.2952263*7,4*1.145881*7;393499;1088;0;
118;?1*0.5666208*5,2*0.6801581*5,4*-0.6359484*5,3*1.398289*5,3*0.5776268*6,4*0.1161427*6,2*0.8271523*6,0*0.1891404*6,4*0.03205741*8,3*0.7316398*8,2*0.899641*7,3*0.2952263*7,4*1.145881*7;55290;1009;0;
119;?1*0.5666208*5,2*0.6801581*5,4*-0.6359484*5,3*1.398289*5,3*0.5776268*6,4*0.1161427*6,2*0.8271523*6,0*0.1891404*6,4*0.03205741*8,3*0.7316398*8,2*0.899641*7,3*0.2952263*7,4*1.145881*7;516843;1087;0;
120;?1*0.5666208*5,2*0.6801581*5,4*-0.6359484*5,3*1.398289*5,3*0.5776268*6,4*0.1161427*6,2*0.8271523*6,0*0.1891404*6,4*0.03205741*8,3*0.7316398*8,2*0.899641*7,3*0.2952263*7,4*1.145881*7;436384;942;0;
121;?1*0.5666208*5,2*0.6801581*5,4*-0.6359484*5,3*1.398289*5,3*0.5776268*6,4*0.1161427*6,2*0.8271523*6,0*0.1891404*6,4*0.03205741*8,3*0.7316398*8,2*0.899641*7,3*0.2952263*7,4*1.145881*7;603416;1010;-3.402823E+38;
122;?1*0.5666208*5,2*0.6801581*5,4*-0.6359484*5,3*1.398289*5,3*0.5776268*6,4*0.1161427*6,2*0.8271523*6,0*0.1891404*6,4*0.03205741*8,3*0.7316398*8,2*0.899641*7,3*0.2952263*7,4*1.145881*7;731884;1051;0;
123;?1*0.5666208*5,2*0.6801581*5,4*-0.6359484*5,3*1.398289*5,3*0.5776268*6,4*0.1161427*6,2*0.8271523*6,0*0.1891404*6,4*0.03205741*8,3*0.7316398*8,2*0.899641*7,3*0.2952263*7,4*1.145881*7;396504;1042;0;
124;?1*0.5666208*5,2*0.6801581*5,4*-0.6359484*5,3*1.398289*5,3*0.5776268*6,4*0.1161427*6,2*0.8271523*6,0*0.1891404*6,4*0.03205741*8,3*0.7316398*8,2*0.899641*7,3*0.2952263*7,4*1.145881*7;667344;1031;0;
125;?1*0.5666208*5,2*0.6801581*5,4*-0.6359484*5,3*1.398289*5,3*0.5776268*6,4*0.1161427*6,2*0.8271523*6,0*0.1891404*6,4*0.03205741*8,3*0.7316398*8,2*0.899641*7,3*0.2952263*7,4*1.145881*7;254189;989;0;
126;?1*0.5666208*5,2*0.6801581*5,4*-0.6359484*5,3*1.398289*5,3*0.5776268*6,4*0.1161427*6,2*0.8271523*6,0*0.1891404*6,4*0.03205741*8,3*0.7316398*8,2*0.899641*7,3*0.2952263*7,4*1.145881*7;222325;990;0;
127;?1*0.5666208*5,2*0.6801581*5,4*-0.6359484*5,3*1.398289*5,3*0.5776268*6,4*0.1161427*6,2*0.8271523*6,0*0.1891404*6,4*0.03205741*8,3*0.7316398*8,2*0.899641*7,3*0.2952263*7,4*1.145881*7;658852;1083;0;
128;?1*0.5666208*5,2*0.6801581*5,4*-0.6359484*5,3*1.398289*5,3*0.5776268*6,4*0.1161427*6,2*0.8271523*6,0*0.1891404*6,4*0.03205741*8,3*0.7316398*8,2*0.899641*7,3*0.2952263*7,4*1.145881*7;393567;1050;0;
129;?1*0.5666208*5,2*0.6801581*5,4*-0.6359484*5,3*1.398289*5,3*0.5776268*6,4*0.1161427*6,2*0.8271523*6,0*0.1891404*6,4*0.03205741*8,3*0.7316398*8,2*0.899641*7,3*0.2952263*7,4*1.145881*7;272885;959;0;
130;?1*0.5666208*5,2*0.6801581*5,4*-0.6359484*5,3*1.398289*5,3*0.5776268*6,4*0.1161427*6,2*0.8271523*6,0*0.1891404*6,4*0.03205741*8,3*0.7316398*8,2*0.899641*7,3*0.2952263*7,4*1.145881*7;439654;1004;-3.402823E+38;
131;?1*0.5666208*5,2*0.6801581*5,4*-0.6359484*5,3*1.398289*5,3*0.5776268*6,4*0.1161427*6,2*0.8271523*6,0*0.1891404*6,4*0.03205741*8,3*0.7316398*8,2*0.899641*7,3*0.2952263*7,4*1.145881*7;498225;1020;0;
