GEN_NUMB;BEST_FITNESS;MID_FITNESS;WORST_FITNESS
1;16442;100;0;
2;15006;621;0;
3;46344;545;0;
4;18610;557;0;
5;11277;605;0;
6;3720;619;0;
7;57709;653;0;
8;17833;649;0;
9;6028;616;0;
10;18568;638;0;
11;14438;650;0;
12;12466;617;0;
13;13258;658;0;
14;42743;650;0;
15;8854;670;0;
16;18810;639;0;
17;13189;628;0;
18;31146;642;0;
19;18243;655;0;
20;12132;639;0;
21;50912;653;0;
22;12848;659;0;
23;6218;658;0;
24;7815;650;0;
25;18530;638;0;
26;7410;652;0;
27;8006;628;0;
28;11007;659;0;
29;9664;656;0;
30;5051;655;0;
31;10999;664;0;
32;10979;662;0;
33;12025;688;0;
34;17095;647;0;
35;14454;642;0;
36;16290;650;0;
37;9430;619;0;
38;19614;601;0;
39;18024;567;0;
40;16944;615;0;
41;17698;644;0;
42;7018;663;0;
43;21353;706;0;
44;14573;651;0;
45;19875;670;0;
46;23680;659;0;
47;34603;690;0;
48;28205;621;0;
49;18744;650;0;
50;18951;653;0;
51;19159;663;0;
52;14012;667;0;
53;59637;653;0;
54;9554;704;0;
55;6811;669;0;
56;29703;651;0;
57;10152;620;0;
58;37258;610;0;
59;5679;657;0;
60;15706;675;0;
61;3304;692;0;
62;6851;645;0;
63;85995;671;0;
64;83124;637;0;
65;33048;614;0;
66;43177;627;0;
67;11547;634;0;
68;6693;640;0;
69;16399;644;0;
70;16994;648;0;
71;16258;647;0;
72;11054;614;0;
73;11821;636;0;
74;33821;609;0;
75;21810;651;0;
76;7202;643;0;
77;14865;651;0;
78;25187;684;0;
79;19972;653;0;
80;6260;647;0;
81;6072;650;0;
82;41753;692;0;
83;12307;659;0;
84;8612;634;0;
85;17235;645;0;
86;10285;616;0;
87;53467;609;0;
88;8207;661;0;
89;35814;676;0;
90;4263;638;0;
91;4649;637;0;
92;5219;669;0;
93;26835;632;0;
94;13428;606;0;
95;38714;635;0;
96;4570;657;0;
97;95842;662;0;
98;7580;669;0;
99;8217;651;0;
100;8043;647;0;
101;5079;647;0;
102;9238;665;0;
103;9313;658;0;
104;8056;682;0;
105;30140;680;0;
106;13202;663;0;
107;10927;649;0;
108;7002;682;0;
109;41800;646;0;
110;10519;631;0;
111;9999;646;0;
112;19679;649;0;
113;14961;668;0;
114;6312;651;0;
115;15406;654;0;
116;8822;635;0;
117;20089;679;0;
118;12228;646;0;
119;12823;637;0;
120;32972;643;0;
121;9205;629;0;
122;8940;654;0;
123;146242;719;0;
124;4963;645;0;
125;24263;688;0;
126;8208;632;0;
127;20899;644;0;
128;6662;642;0;
129;5847;656;0;
130;22058;627;0;
131;10673;676;0;
132;19969;651;0;
133;17650;667;0;
134;9706;655;0;
135;9041;656;0;
136;65381;673;0;
137;14955;686;0;
138;15112;668;0;
139;86968;640;0;
140;27215;639;0;
141;21231;644;0;
142;6163;610;0;
143;60919;671;0;
144;5520;623;0;
145;12296;647;0;
146;10620;653;0;
147;11919;631;0;
148;30058;636;0;
149;9155;642;0;
150;26171;664;0;
151;8233;651;0;
152;22817;642;0;
153;17040;615;0;
154;11726;627;0;
155;12555;621;0;
156;14574;620;0;
157;8868;659;0;
158;4689;633;0;
159;8133;638;0;
160;14391;649;0;
161;8499;640;0;
162;10461;644;0;
163;7963;634;0;
164;21389;649;0;
165;45857;604;0;
166;27596;635;0;
167;25477;668;0;
168;10696;659;0;
169;27771;635;0;
170;20355;617;0;
171;16958;645;0;
172;10657;610;0;
173;7257;659;0;
174;19870;623;0;
175;34862;641;0;
176;13056;650;0;
177;91610;646;0;
178;6165;621;0;
179;11266;632;0;
180;34909;634;0;
181;23484;645;0;
182;9349;690;0;
183;61687;647;0;
184;20606;651;0;
185;20209;640;0;
186;29246;647;0;
187;6638;677;0;
188;54621;638;0;
189;16767;639;0;
190;10146;663;0;
191;20685;635;0;
192;4745;674;0;
193;17005;661;0;
194;78717;686;0;
195;19949;677;0;
196;15233;633;0;
197;15705;658;0;
198;11932;653;0;
199;10722;651;0;
200;6686;661;0;
201;7068;636;0;
202;61711;632;0;
203;17538;646;0;
204;7098;638;0;
205;14252;634;0;
206;12736;662;0;
207;9360;631;0;
208;72638;698;0;
209;7927;652;0;
210;14200;652;0;
211;4674;637;0;
212;12396;645;0;
213;19272;662;0;
214;11539;639;0;
215;11323;640;0;
216;12522;655;0;
217;40671;644;0;
218;12295;630;0;
219;37444;635;0;
220;3617;649;0;
221;26893;656;0;
222;23347;646;0;
223;67754;645;0;
224;7398;648;0;
225;21145;653;0;
226;4959;656;0;
227;21233;636;0;
228;14695;663;0;
229;7608;671;0;
230;29591;663;0;
231;3814;662;0;
232;7210;637;0;
233;26304;655;0;
234;24694;658;0;
235;19802;632;0;
236;29742;648;0;
237;40570;647;0;
238;9673;647;0;
239;25374;650;0;
240;17296;647;0;
241;18132;647;0;
242;28846;657;0;
243;18251;661;0;
244;12314;681;0;
245;29835;652;0;
246;27123;608;0;
247;7996;667;0;
248;16258;624;0;
249;10259;645;0;
250;10829;653;0;
251;15863;659;0;
252;42710;674;0;
253;9708;648;0;
254;11092;660;0;
255;13535;629;0;
256;26819;636;0;
257;26763;635;0;
258;10649;619;0;
259;6070;653;0;
260;19404;637;0;
261;10870;663;0;
262;16380;643;0;
263;8856;647;0;
264;16140;644;0;
265;22629;638;0;
266;13849;647;0;
267;28161;608;0;
268;34760;692;0;
269;6230;624;0;
270;10050;641;0;
271;31577;651;0;
272;15990;631;0;
273;8240;612;0;
274;14280;646;0;
275;14987;633;0;
276;96276;598;0;
277;27163;655;0;
278;5963;644;0;
279;7242;641;0;
280;16254;622;0;
281;8179;614;0;
282;5841;648;0;
283;6164;641;0;
284;5298;641;0;
285;3346;665;0;
286;17484;655;0;
287;18534;620;0;
288;15352;603;0;
289;12410;647;0;
290;12481;635;0;
291;19355;654;0;
292;12708;666;0;
293;7570;678;0;
294;7577;642;0;
295;18975;681;0;
296;7815;648;0;
297;19921;662;0;
298;10768;657;0;
299;11635;584;0;
300;40624;643;0;
301;9887;643;0;
302;53649;612;0;
303;15040;650;0;
304;14386;667;0;
305;16863;670;0;
306;19416;664;0;
307;11240;645;0;
308;25844;661;0;
309;8504;655;0;
310;26740;656;0;
311;42852;640;0;
312;10673;701;0;
313;24506;668;0;
314;5961;646;0;
315;11571;634;0;
316;14850;612;0;
317;11301;622;0;
318;6748;634;0;
319;13481;660;0;
320;5435;643;0;
321;13479;635;0;
322;12664;639;0;
323;11961;642;0;
324;8949;657;0;
325;16407;644;0;
326;47167;678;0;
327;75720;694;0;
328;18326;639;0;
329;47561;614;0;
330;7277;636;0;
331;6802;629;0;
332;2899;655;0;
333;5172;622;0;
334;5541;636;0;
335;8014;639;0;
336;78063;624;0;
337;14661;632;0;
338;14254;661;0;
339;16482;667;0;
340;11671;667;0;
341;10287;625;0;
342;7305;635;0;
343;8030;675;0;
344;7622;676;0;
345;106284;607;0;
346;13608;612;0;
347;4374;652;0;
348;18245;658;0;
349;22194;646;0;
350;9512;640;0;
351;20343;634;0;
352;36041;657;0;
353;14175;665;0;
354;10909;649;0;
355;51590;688;0;
356;34949;630;0;
357;34247;684;0;
358;72403;676;0;
359;9830;660;0;
360;23509;652;0;
361;10309;639;0;
362;14619;628;0;
363;12975;652;0;
364;12914;632;0;
365;15729;614;0;
366;76931;698;0;
367;28775;682;0;
368;12510;623;0;
369;59438;680;0;
370;17303;621;0;
371;18189;659;0;
372;8533;628;0;
373;7318;676;0;
374;13261;667;0;
375;40726;646;0;
376;6568;643;0;
377;8445;660;0;
378;16470;645;0;
379;30115;665;0;
380;5681;639;0;
381;5293;638;0;
382;6670;634;0;
383;26300;636;0;
384;5830;641;0;
385;8153;630;0;
386;6959;637;0;
387;8282;647;0;
388;27391;647;0;
389;8817;615;0;
390;6034;673;0;
391;8808;661;0;
392;104879;692;0;
393;23703;673;0;
394;8680;642;0;
395;92057;659;0;
396;32984;662;0;
397;5014;644;0;
398;9972;646;0;
399;64286;636;0;
400;3771;628;0;
401;21265;650;0;
402;13270;661;0;
403;8919;650;0;
404;10186;637;0;
405;6779;673;0;
406;27575;690;0;
407;11690;616;0;
408;5046;669;0;
409;4442;639;0;
410;7472;623;0;
411;3179;636;0;
412;17712;649;0;
413;26424;640;0;
414;10269;649;0;
415;12650;674;0;
416;6824;644;0;
417;23687;636;0;
418;16667;628;0;
419;7076;647;0;
420;14434;646;0;
421;5670;655;0;
422;18366;646;0;
423;24827;630;0;
424;18337;653;0;
425;21374;611;0;
426;30430;650;0;
427;12541;632;0;
428;8634;648;0;
429;32510;652;0;
430;24582;651;0;
431;24259;610;0;
432;8611;639;0;
433;8275;627;0;
434;12271;642;0;
435;22964;615;0;
436;37286;657;0;
437;36845;696;0;
438;59867;645;0;
439;8818;653;0;
440;25290;644;0;
441;7115;650;0;
442;3532;642;0;
443;36134;636;0;
444;10102;643;0;
445;13719;635;0;
446;8375;607;0;
447;8151;639;0;
448;10908;669;0;
449;25908;637;0;
450;52233;652;0;
451;23375;659;0;
452;45337;660;0;
453;10552;610;0;
454;37531;651;0;
455;13751;638;0;
456;33644;635;0;
457;21442;656;0;
458;14913;630;0;
459;17962;632;0;
460;12586;643;0;
461;19277;658;0;
462;58906;679;0;
463;20037;680;0;
464;25831;646;0;
465;20990;638;0;
466;5271;628;0;
467;5322;597;0;
468;16746;650;0;
469;12659;666;0;
470;26788;667;0;
471;3638;647;0;
472;4010;562;0;
473;45063;628;0;
474;20495;660;0;
475;7081;600;0;
476;18158;625;0;
477;7891;645;0;
478;6378;645;0;
479;80234;735;0;
480;14897;645;0;
481;14391;619;0;
482;14331;657;0;
483;7163;654;0;
484;9088;579;0;
485;15275;658;0;
486;4875;631;0;
487;7115;630;0;
488;23440;612;0;
489;23656;641;0;
490;26758;665;0;
491;6138;630;0;
492;18654;645;0;
493;10150;636;0;
494;35057;647;0;
495;12075;666;0;
496;34770;618;0;
497;9981;667;0;
498;24312;662;0;
499;7990;622;0;
500;5753;626;0;
501;7177;656;0;
502;37589;668;0;
503;16454;637;0;
504;15349;611;0;
505;19262;663;0;
506;19243;651;0;
507;20423;659;0;
508;17538;627;0;
509;49274;664;0;
510;9978;659;0;
511;36221;655;0;
512;6021;640;0;
513;9719;634;0;
514;24853;630;0;
515;20044;690;0;
516;19444;648;0;
517;32601;626;0;
518;11643;618;0;
519;13613;638;0;
520;65695;656;0;
521;20149;667;0;
522;14791;679;0;
523;8255;618;0;
524;13739;643;0;
525;14761;643;0;
526;17823;629;0;
527;11903;627;0;
528;20997;641;0;
529;14334;657;0;
530;9140;631;0;
531;34701;649;0;
532;19419;645;0;
533;36298;659;0;
534;10190;629;0;
535;8217;640;0;
536;25736;621;0;
537;14491;654;0;
538;73845;626;0;
539;12249;655;0;
540;14510;681;0;
541;19614;630;0;
542;4120;629;0;
543;6207;662;0;
544;6745;655;0;
545;7655;626;0;
546;25102;572;0;
547;20138;632;0;
548;13983;616;0;
549;4497;646;0;
550;5255;653;0;
551;7607;662;0;
552;28228;659;0;
553;4563;628;0;
554;14890;668;0;
555;14589;633;0;
556;17245;641;0;
557;11324;650;0;
558;24013;630;0;
559;33941;655;0;
560;25604;642;0;
561;11492;677;0;
562;29723;670;0;
563;19873;666;0;
564;7374;644;0;
565;14601;613;0;
566;10039;631;0;
567;30309;651;0;
568;29701;651;0;
569;9558;604;0;
570;9320;649;0;
571;20147;646;0;
572;8822;630;0;
573;9049;643;0;
574;9108;639;0;
575;40413;614;0;
576;12756;670;0;
577;11198;654;0;
578;10454;624;0;
579;22859;632;0;
580;16341;636;0;
581;11299;639;0;
582;28252;629;0;
583;13108;684;0;
584;28140;638;0;
585;8882;637;0;
586;122400;675;0;
587;18567;648;0;
588;33029;668;0;
589;29194;645;0;
590;28790;647;0;
591;18172;615;0;
592;28874;614;0;
593;18562;630;0;
594;13213;669;0;
595;13795;635;0;
596;23536;647;0;
597;22877;648;0;
598;35011;641;0;
599;8366;666;0;
600;31867;644;0;
601;9330;646;0;
602;22273;641;0;
603;9630;658;0;
604;32281;626;0;
605;5444;624;0;
606;6499;620;0;
607;6464;648;0;
608;17325;665;0;
609;11316;612;0;
610;8572;621;0;
611;14036;673;0;
612;18055;628;0;
613;8585;623;0;
614;13353;634;0;
615;7016;648;0;
616;27246;641;0;
617;4534;614;0;
618;6612;647;0;
619;12714;632;0;
620;9230;614;0;
621;10298;660;0;
622;17550;651;0;
623;11637;655;0;
624;23651;621;0;
625;7942;651;0;
626;5614;650;0;
627;77158;689;0;
628;14538;606;0;
629;21745;629;0;
630;6487;637;0;
631;12913;616;0;
632;8456;627;0;
633;8273;685;0;
634;22881;646;0;
635;15104;628;0;
636;7076;653;0;
637;15185;605;0;
638;10592;612;0;
639;20661;625;0;
640;25510;633;0;
641;38132;605;0;
642;19966;642;0;
643;20483;638;0;
644;12683;618;0;
645;2767;623;0;
646;48811;666;0;
647;14643;612;0;
648;25829;656;0;
649;85885;721;0;
650;21432;668;0;
651;24527;646;0;
652;8239;613;0;
653;33550;647;0;
654;9168;617;0;
655;9728;653;0;
656;5908;673;0;
657;7679;614;0;
658;10145;640;0;
659;82998;654;0;
660;18501;637;0;
661;6731;643;0;
662;15804;636;0;
663;15617;622;0;
664;9747;609;0;
665;37970;605;0;
666;11929;648;0;
667;10374;651;0;
668;11300;610;0;
669;21647;636;0;
670;24474;617;0;
671;23023;646;0;
672;5461;626;0;
673;49021;646;0;
674;15357;633;0;
675;42374;637;0;
676;11802;632;0;
677;10518;642;0;
678;3086;594;0;
679;51940;624;0;
680;13072;652;0;
681;25615;648;0;
682;11231;633;0;
683;5149;634;0;
684;9476;639;0;
685;13341;638;0;
686;49565;681;0;
687;2937;655;0;
688;57391;599;0;
689;34745;629;0;
690;6680;680;0;
691;8185;657;0;
692;10766;669;0;
693;25527;677;0;
694;17878;653;0;
695;24783;636;0;
696;9700;654;0;
697;30147;633;0;
698;21739;659;0;
699;9983;632;0;
700;14648;631;0;
701;4679;669;0;
702;28526;665;0;
703;14938;638;0;
704;12890;624;0;
705;9063;620;0;
706;29056;620;0;
707;11004;638;0;
708;49352;673;0;
709;11316;630;0;
710;35294;658;0;
711;7792;636;0;
712;27796;607;0;
713;20251;586;0;
714;61720;650;0;
715;24710;654;0;
716;14021;671;0;
717;13949;642;0;
718;53952;669;0;
719;4977;648;0;
720;10934;657;0;
721;28268;619;0;
722;8757;667;0;
723;10562;656;0;
724;5117;608;0;
725;41582;623;0;
726;10716;656;0;
727;5172;631;0;
728;18156;648;0;
729;3156;613;0;
730;22312;636;0;
731;40433;612;0;
732;10706;603;0;
733;2010;631;0;
734;13345;628;0;
735;9505;665;0;
736;19938;636;0;
737;39529;627;0;
738;35747;616;0;
739;19295;612;0;
740;38467;618;0;
741;21394;613;0;
742;6299;627;0;
743;14975;625;0;
744;7690;650;0;
745;3472;636;0;
746;5199;652;0;
747;175004;600;0;
748;1580;634;0;
749;7706;686;0;
750;9075;664;0;
751;9031;670;0;
752;19675;615;0;
753;21347;656;0;
754;13016;657;0;
755;92252;678;0;
756;5846;690;0;
757;7784;649;0;
758;9383;656;0;
759;4166;638;0;
760;7182;650;0;
761;9050;635;0;
762;8623;638;0;
763;12897;670;0;
764;12287;642;0;
765;14549;247;0;
766;85443;639;0;
767;19165;668;0;
768;10818;644;0;
769;5152;624;0;
770;7383;637;0;
771;33832;623;0;
772;14508;619;0;
773;11814;651;0;
774;16171;605;0;
775;15077;644;0;
776;46710;593;0;
777;13738;601;0;
778;15008;630;0;
779;7829;612;0;
780;4138;623;0;
781;4743;670;0;
782;6242;617;0;
783;16353;663;0;
784;14541;594;0;
785;21606;650;0;
786;43302;675;0;
787;10897;636;0;
788;68880;668;0;
789;13607;644;0;
790;17942;661;0;
791;6605;662;0;
792;6794;629;0;
793;13633;626;0;
794;38998;630;0;
795;16109;631;0;
796;8914;659;0;
797;11062;642;0;
798;10656;623;0;
799;47680;670;0;
800;11507;619;0;
801;35581;621;0;
802;13521;636;0;
803;9787;657;0;
804;23702;624;0;
805;9722;625;0;
806;29974;659;0;
807;14993;642;0;
808;6146;623;0;
809;10838;623;0;
810;8049;651;0;
811;3090;644;0;
812;10580;657;0;
813;54179;676;0;
814;18445;668;0;
815;7156;638;0;
816;9280;645;0;
817;20999;610;0;
818;9691;602;0;
819;13930;623;0;
820;9339;644;0;
821;11729;651;0;
822;19879;653;0;
823;19175;600;0;
824;10417;618;0;
825;24807;664;0;
826;6559;641;0;
827;38486;606;0;
828;12304;631;0;
829;9503;650;0;
830;12371;643;0;
831;49359;628;0;
832;8808;638;0;
833;10163;608;0;
834;16121;630;0;
835;9764;663;0;
836;78093;677;0;
837;16275;632;0;
838;10114;586;0;
839;82375;644;0;
840;6244;657;0;
841;9483;640;0;
842;18995;653;0;
843;8117;638;0;
844;9290;636;0;
845;14008;627;0;
846;10603;660;0;
847;29014;645;0;
848;23123;646;0;
849;3755;607;0;
850;8743;645;0;
851;14770;611;0;
852;13757;629;0;
853;8289;657;0;
854;8463;618;0;
855;12990;639;0;
856;10535;591;0;
857;44687;636;0;
858;19648;655;0;
859;30733;649;0;
860;72670;681;0;
861;12507;646;0;
862;33820;593;0;
863;26857;608;0;
864;9071;604;0;
865;16345;627;0;
866;37773;639;0;
867;18555;574;0;
868;24958;628;0;
869;15944;630;0;
870;13027;617;0;
871;23356;601;0;
872;9323;627;0;
873;24034;631;0;
874;12214;628;0;
875;21523;646;0;
876;38911;649;0;
877;15256;651;0;
878;57088;645;0;
879;2710;646;0;
880;1643;583;0;
881;14894;641;0;
882;20840;567;0;
883;10549;648;0;
884;6795;613;0;
885;31248;653;0;
886;21659;663;0;
887;19878;653;0;
888;3186;680;0;
889;9508;655;0;
890;7747;671;0;
891;9009;627;0;
892;31673;630;0;
893;17401;655;0;
894;9377;653;0;
895;36515;728;0;
896;9233;671;0;
897;15384;640;0;
898;9516;634;0;
899;13645;660;0;
900;21653;598;0;
901;67618;631;0;
902;31300;608;0;
903;21833;656;0;
904;27527;614;0;
905;68048;679;0;
906;14631;622;0;
907;67582;636;0;
908;37475;620;0;
909;27156;606;0;
910;30299;628;0;
911;23670;624;0;
912;27696;605;0;
913;9655;615;0;
914;8734;659;0;
915;18460;636;0;
916;9953;624;0;
917;8463;665;0;
918;15709;678;0;
919;8874;647;0;
920;47716;670;0;
921;32154;608;0;
922;20932;640;0;
923;13306;625;0;
924;11389;632;0;
925;8929;680;0;
926;21082;652;0;
927;10050;625;0;
928;7484;639;0;
929;11080;629;0;
930;6711;637;0;
931;5434;664;0;
932;10793;628;0;
933;63458;610;0;
934;102269;616;0;
935;7396;665;0;
936;26954;648;0;
937;8153;635;0;
938;113237;676;0;
939;18702;597;0;
940;17992;654;0;
941;12272;693;0;
942;18258;634;0;
943;13883;654;0;
944;16862;648;0;
945;79757;677;0;
946;26713;617;0;
947;15015;618;0;
948;20749;600;0;
949;5786;610;0;
950;10710;616;0;
951;7998;595;0;
952;36730;632;0;
953;31873;661;0;
954;13148;690;0;
955;6513;631;0;
956;10833;605;0;
957;4191;617;0;
958;26944;643;0;
959;46124;654;0;
960;27294;647;0;
961;5121;629;0;
962;37239;606;0;
963;8653;626;0;
964;17324;627;0;
965;10972;632;0;
966;4117;625;0;
967;10301;653;0;
968;7569;634;0;
969;7934;638;0;
970;16131;607;0;
971;14415;638;0;
972;59769;655;0;
973;8733;664;0;
974;20966;668;0;
975;17827;658;0;
976;11135;652;0;
977;14228;666;0;
978;39541;643;0;
979;11742;652;0;
980;11173;627;0;
981;9284;672;0;
982;37912;647;0;
983;17250;672;0;
984;8957;650;0;
985;25710;646;0;
986;12817;628;0;
987;10457;650;0;
988;75936;650;0;
989;7483;625;0;
990;36754;601;0;
991;33299;606;0;
992;21650;655;0;
993;47044;654;0;
994;17037;648;0;
995;16924;631;0;
996;33833;684;0;
997;22566;679;0;
998;10223;645;0;
999;15151;637;0;
1000;8293;668;0;
1001;9056;655;0;
1002;37460;626;0;
1003;16427;637;0;
1004;20980;615;0;
1005;21858;643;0;
1006;66466;624;0;
1007;15265;636;0;
1008;5954;654;0;
1009;10441;636;0;
1010;21718;636;0;
1011;6727;647;0;
1012;18690;568;0;
1013;35120;631;0;
1014;50807;681;0;
1015;15269;660;0;
1016;4327;620;0;
1017;69701;682;0;
1018;30105;632;0;
1019;36261;643;0;
1020;23028;660;0;
1021;30975;643;0;
1022;5399;649;0;
1023;5592;638;0;
1024;13881;667;0;
1025;32247;638;0;
1026;7950;630;0;
1027;6527;638;0;
1028;10256;656;0;
1029;19177;613;0;
1030;3077;653;0;
1031;6820;613;0;
1032;25491;603;0;
1033;7268;635;0;
1034;12016;626;0;
1035;26103;672;0;
1036;41298;625;0;
1037;8075;621;0;
1038;11944;662;0;
1039;99912;610;0;
1040;8919;646;0;
1041;6114;645;0;
1042;22090;624;0;
1043;28749;645;0;
1044;36004;643;0;
1045;12481;630;0;
1046;13640;617;0;
1047;9464;632;0;
1048;10246;666;0;
1049;8670;616;0;
1050;6576;623;0;
1051;67477;688;0;
1052;19584;650;0;
1053;8174;629;0;
1054;31507;624;0;
1055;3644;616;0;
1056;24269;648;0;
1057;19012;649;0;
1058;10861;692;0;
1059;3486;655;0;
1060;15232;661;0;
1061;16809;583;0;
1062;8954;713;0;
1063;31546;651;0;
1064;130565;688;0;
1065;21249;649;0;
1066;30374;610;0;
1067;20366;633;0;
1068;27941;615;0;
1069;80832;623;0;
1070;17649;640;0;
1071;22464;670;0;
1072;22236;629;0;
1073;22398;636;0;
1074;29924;659;0;
1075;14266;631;0;
1076;21284;641;0;
1077;17111;635;0;
1078;10432;648;0;
1079;6049;627;0;
1080;44162;645;0;
1081;122496;657;0;
1082;16379;627;0;
1083;5452;669;0;
1084;82280;625;0;
1085;15477;637;0;
1086;14990;624;0;
1087;12156;600;0;
1088;7378;609;0;
1089;12745;636;0;
1090;12723;648;0;
1091;39718;662;0;
1092;34708;643;0;
1093;18032;617;0;
1094;11116;655;0;
1095;10784;666;0;
1096;22742;640;0;
1097;12402;620;0;
1098;21184;640;0;
1099;9739;641;0;
1100;28314;648;0;
1101;20944;658;0;
1102;51189;675;0;
1103;40114;658;0;
1104;20384;657;0;
1105;8386;655;0;
1106;21353;605;0;
1107;3790;610;0;
1108;21033;643;0;
1109;19837;650;0;
1110;40876;644;0;
1111;19811;635;0;
1112;13665;628;0;
1113;8517;630;0;
1114;25397;646;0;
1115;11076;657;0;
1116;8381;652;0;
1117;15033;676;0;
1118;6044;645;0;
1119;10086;638;0;
1120;4254;633;0;
1121;12020;627;0;
1122;15335;648;0;
1123;16858;657;0;
1124;16202;629;0;
1125;21183;635;0;
1126;16503;604;0;
1127;20575;655;0;
1128;15369;633;0;
1129;13401;646;0;
1130;18389;660;0;
1131;5976;668;0;
1132;40998;626;0;
1133;9904;652;0;
1134;25479;613;0;
1135;10763;608;0;
1136;28516;636;0;
1137;10455;579;0;
1138;21054;638;0;
1139;5532;636;0;
1140;5745;668;0;
1141;8989;617;0;
1142;77064;675;0;
1143;11532;638;0;
1144;2497;645;0;
1145;27775;634;0;
1146;11324;635;0;
1147;3927;633;0;
1148;124373;723;0;
1149;6866;656;0;
1150;18986;676;0;
1151;15475;617;0;
1152;74898;706;0;
1153;8530;664;0;
1154;10486;678;0;
1155;45416;648;0;
1156;34190;672;0;
1157;97466;606;0;
1158;17145;627;0;
1159;10574;654;0;
1160;19234;677;0;
1161;12224;638;0;
1162;9204;613;0;
1163;14843;664;0;
1164;28077;673;0;
1165;12662;652;0;
1166;14843;646;0;
1167;8621;671;0;
1168;8239;632;0;
1169;53809;662;0;
1170;27463;658;0;
1171;11203;625;0;
1172;14413;648;0;
1173;10892;625;0;
1174;7789;661;0;
1175;10699;647;0;
1176;9270;609;0;
1177;13823;681;0;
1178;6639;645;0;
1179;17296;639;0;
1180;12125;659;0;
1181;4738;639;0;
1182;17846;638;0;
1183;5177;631;0;
1184;18321;619;0;
1185;79422;642;0;
1186;20971;613;0;
1187;32097;676;0;
1188;13064;674;0;
1189;10917;658;0;
1190;47931;649;0;
1191;33864;592;0;
1192;15797;665;0;
1193;8074;615;0;
1194;4046;634;0;
1195;11339;637;0;
1196;20171;650;0;
1197;19407;665;0;
1198;16888;648;0;
1199;11953;642;0;
1200;21591;614;0;
1201;15157;660;0;
1202;39534;690;0;
1203;4968;641;0;
1204;7384;666;0;
1205;4614;621;0;
1206;7426;628;0;
1207;21064;636;0;
1208;6753;632;0;
1209;63629;591;0;
1210;18129;628;0;
1211;24032;651;0;
1212;24493;641;0;
1213;18002;644;0;
1214;3761;641;0;
1215;14381;619;0;
1216;21710;651;0;
1217;15527;657;0;
1218;46857;652;0;
1219;8001;649;0;
1220;7175;624;0;
1221;4298;586;0;
1222;10827;628;0;
1223;3963;646;0;
1224;26740;687;0;
1225;12970;663;0;
1226;16721;678;0;
1227;23971;695;0;
1228;17236;650;0;
1229;28424;656;0;
1230;4280;667;0;
1231;10578;638;0;
1232;20200;686;0;
1233;23466;657;0;
1234;9058;605;0;
1235;72570;675;0;
1236;10139;652;0;
1237;13383;639;0;
1238;24535;642;0;
1239;13187;666;0;
1240;7254;655;0;
1241;32422;656;0;
1242;21058;625;0;
1243;15094;636;0;
1244;10406;647;0;
1245;4474;665;0;
1246;10321;649;0;
1247;5163;641;0;
1248;6421;607;0;
1249;18073;634;0;
1250;14650;651;0;
1251;7493;637;0;
1252;6417;646;0;
1253;20603;600;0;
1254;11900;611;0;
1255;3674;653;0;
1256;13706;660;0;
1257;16912;647;0;
1258;18578;623;0;
1259;58074;684;0;
1260;11292;666;0;
1261;16410;654;0;
1262;7098;677;0;
1263;7856;650;0;
1264;5566;658;0;
1265;14241;644;0;
1266;7107;638;0;
1267;9116;628;0;
1268;10402;623;0;
1269;5279;662;0;
1270;12880;636;0;
1271;11384;658;0;
1272;10908;633;0;
1273;20373;635;0;
1274;30093;590;0;
1275;10759;601;0;
1276;30515;634;0;
1277;25230;641;0;
1278;31691;622;0;
1279;10370;649;0;
1280;7801;639;0;
1281;33135;648;0;
1282;41079;631;0;
1283;100290;685;0;
1284;30008;675;0;
1285;46685;679;0;
1286;7555;646;0;
1287;69442;677;0;
1288;20214;636;0;
1289;6502;665;0;
1290;35481;619;0;
1291;5835;663;0;
1292;7553;642;0;
1293;16365;613;0;
1294;9675;645;0;
1295;25249;634;0;
1296;15735;580;0;
1297;10858;567;0;
1298;87402;703;0;
1299;27698;624;0;
1300;10038;604;0;
1301;9779;637;0;
1302;25628;648;0;
1303;13697;650;0;
1304;16746;620;0;
1305;10505;638;0;
1306;6351;645;0;
1307;5774;668;0;
1308;82717;610;0;
1309;22901;595;0;
1310;35331;654;0;
1311;6046;615;0;
1312;8949;604;0;
1313;2895;608;0;
1314;9918;630;0;
1315;10240;624;0;
1316;10361;665;0;
1317;19203;632;0;
1318;3054;646;0;
1319;12942;623;0;
1320;10596;665;0;
1321;24951;632;0;
1322;54501;645;0;
1323;14816;646;0;
1324;44512;665;0;
1325;27915;648;0;
1326;18950;612;0;
1327;18567;643;0;
1328;11462;613;0;
1329;16589;640;0;
1330;10059;650;0;
1331;15468;611;0;
1332;7216;609;0;
1333;9844;641;0;
1334;7910;667;0;
1335;5985;622;0;
1336;16367;680;0;
1337;24706;646;0;
1338;12147;641;0;
1339;36948;631;0;
1340;11031;664;0;
1341;11394;662;0;
1342;9073;657;0;
1343;10319;651;0;
1344;13370;655;0;
1345;12647;664;0;
1346;17976;622;0;
1347;3175;608;0;
1348;19898;620;0;
1349;13411;648;0;
1350;16267;630;0;
1351;23542;595;0;
1352;9991;629;0;
1353;8812;666;0;
1354;46509;620;0;
1355;6935;620;0;
1356;9984;640;0;
1357;19418;662;0;
1358;35929;604;0;
1359;10486;661;0;
1360;7871;625;0;
1361;22626;660;0;
1362;30560;635;0;
1363;29680;666;0;
1364;25349;640;0;
1365;27405;672;0;
1366;6948;647;0;
1367;8709;656;0;
1368;18174;626;0;
1369;24701;644;0;
1370;28393;666;0;
1371;38533;651;0;
1372;10826;657;0;
1373;14958;681;0;
1374;8044;649;0;
1375;42337;655;0;
1376;24897;655;0;
1377;27402;621;0;
1378;48945;660;0;
1379;11792;669;0;
1380;8662;652;0;
1381;4750;652;0;
1382;1782;648;0;
1383;22102;616;0;
1384;3682;639;0;
1385;9266;660;0;
1386;19257;648;0;
1387;14698;683;0;
1388;17073;625;0;
1389;8301;663;0;
1390;46397;630;0;
1391;11353;653;0;
1392;22078;576;0;
1393;10580;620;0;
1394;12079;602;0;
1395;6803;642;0;
1396;16381;626;0;
1397;16457;640;0;
1398;20510;656;0;
1399;10941;663;0;
1400;26706;625;0;
1401;59576;682;0;
1402;4513;604;0;
1403;23811;604;0;
1404;19685;640;0;
1405;11110;635;0;
1406;16335;649;0;
1407;77519;667;0;
1408;6260;628;0;
1409;26993;627;0;
1410;45172;668;0;
1411;17200;677;0;
1412;19907;634;0;
1413;35282;646;0;
1414;11624;637;0;
1415;16937;648;0;
1416;4990;613;0;
1417;12472;613;0;
1418;36329;607;0;
1419;70672;641;0;
1420;20127;611;0;
1421;13171;622;0;
1422;15504;643;0;
1423;15124;618;0;
1424;13044;673;0;
1425;23322;631;0;
1426;9335;619;0;
1427;9825;619;0;
1428;22770;641;0;
1429;30505;659;0;
1430;12805;638;0;
1431;6799;601;0;
1432;19964;598;0;
